complaint_id,complaint_text,department,subcategory,priority,duration,frequency,affected_population,safety_risk,location_type,language,source
VCGIS-0099,Close to the petrol bunk has deep potholes. It has been happening for 2 weeks and pedestrians are being forced to move onto the road. People have complained about the same spot before.,ROAD,Pothole,MEDIUM,2 weeks,Frequently,21-50,No,Bus/transport area,English,Synthetic initial dataset
VCGIS-0403,"The speed breaker is broken on the main road. It has been like this for 2 weeks, and two-wheelers are having difficulty using the stretch. People have complained about the same spot before. Please resolve the problem as soon as possible.",ROAD,Damaged Speed Breaker,HIGH,2 weeks,Frequently,21-50,Yes,Bus/transport area,English,Synthetic initial dataset
VCGIS-0209,Please check near the college gate. Uneven asphalt and two-wheelers are having difficulty using the stretch. This has been going on for 2 months. Kindly send a team to assess and fix the problem.,ROAD,Road Damage,HIGH,2 months,Daily,51-100,Yes,Public road,English,Synthetic initial dataset
VCGIS-0261,Please check behind the local market. The road edge has collapsed and children and older people are finding it difficult to cross. This has been going on for 1 day. Please resolve the problem as soon as possible.,ROAD,Road Collapse,CRITICAL,1 day,Continuously,More than 100,Yes,Residential area,English,Synthetic initial dataset
VCGIS-0824,The electric pole is leaning near the bus stop 3 days. Shops and residents are facing disruption. There is no warning sign around the affected equipment.,ELECTRICITY,Electrical Pole Damage,HIGH,3 days,Continuously,51-100,Yes,Market area,English,Synthetic initial dataset
VCGIS-0241,"Cracks across the road in our residential layout. It has been like this for 2 months, and two-wheelers are having difficulty using the stretch. People have complained about the same spot before. Please inspect the issue and take necessary action.",ROAD,Road Damage,HIGH,2 months,Daily,51-100,Yes,Bus/transport area,English,Synthetic initial dataset
VCGIS-1307,Beside the temple has a water problem: the local borewell is not supplying water. Several houses have reported the same problem. Kindly arrange a field inspection and repair.,WATER,Borewell Failure,HIGH,1 week,Daily,51-100,No,Bus/transport area,English,Synthetic initial dataset
VCGIS-0579,I want to report the power is out near the public library. It has been happening for 3 days. Shops and residents are facing disruption. Please resolve the problem as soon as possible.,ELECTRICITY,Power Outage,HIGH,3 days,Daily,51-100,No,Bus/transport area,English,Synthetic initial dataset
VCGIS-0712,"The transformer is overheating beside the government school. The issue has continued for 2 days, and several households are affected. The issue has been noticed by several nearby residents. Please take appropriate corrective action.",ELECTRICITY,Transformer Problem,HIGH,2 days,Frequently,51-100,Yes,College area,English,Synthetic initial dataset
VCGIS-0487,There is a road issue near the hospital: the manhole is raised above the road. It happens continuously and has continued for 3 days. Riders are having to suddenly change direction.,ROAD,Damaged Manhole,CRITICAL,3 days,Continuously,51-100,Yes,Bus/transport area,English,Synthetic initial dataset
VCGIS-0291,There is a road issue near the village office: part of the road has collapsed. It happens continuously and has continued for 1 day. Pedestrians are being forced to move onto the road.,ROAD,Road Collapse,CRITICAL,1 day,Continuously,More than 100,Yes,College area,English,Synthetic initial dataset
VCGIS-1457,I want to report the water looks contaminated close to the petrol bunk. The problem has been there for 2 days. Several households are affected. Please resolve the problem as soon as possible.,WATER,Water Contamination,CRITICAL,2 days,Continuously,51-100,Yes,Residential area,English,Synthetic initial dataset
VCGIS-1118,Please check near the community hall. There is no water supply and nearby families are affected. This has been happening for 7 days.,WATER,No Water Supply,HIGH,7 days,Continuously,More than 100,Yes,Village area,English,Synthetic initial dataset
VCGIS-1416,"The community tank is damaged beside the government school. It has continued for 2 weeks, and nearby families are affected. Residents have already tried reporting the issue locally. Please inspect the issue and take necessary action.",WATER,Water Tank Problem,MEDIUM,2 weeks,Frequently,21-50,No,College area,English,Synthetic initial dataset
VCGIS-0160,"Uneven asphalt near the hospital. It has been like this for 2 weeks, and vehicles are struggling to pass. People have complained about the same spot before. Kindly send a team to assess and fix the problem.",ROAD,Road Damage,MEDIUM,2 weeks,Frequently,21-50,No,College area,English,Synthetic initial dataset
VCGIS-0217,Near the apartment entrance has uneven asphalt. It has been happening for 2 months and traffic slows down around the location. The problem gets worse when it rains.,ROAD,Road Damage,HIGH,2 months,Daily,51-100,Yes,Bus/transport area,English,Synthetic initial dataset
VCGIS-1257,Please check near the hospital. Water is gushing from a broken pipeline and people are worried about using the water. This has been happening for 1 day.,WATER,Pipeline Burst,HIGH,1 day,Continuously,51-100,Yes,Public road,English,Synthetic initial dataset
VCGIS-1116,"There is no water supply near the bus stop. It has continued for 7 days, and the issue is disrupting normal household activities. Residents have already tried reporting the issue locally. Kindly arrange a field inspection and repair.",WATER,No Water Supply,CRITICAL,7 days,Continuously,More than 100,Yes,Bus/transport area,English,Synthetic initial dataset
VCGIS-0892,"A wire is hanging very low close to the petrol bunk. The issue has continued for 1 day, and the area becomes difficult to use after dark. The issue has been noticed by several nearby residents. Please inspect the issue and take necessary action.",ELECTRICITY,Broken/Low-Hanging Wire,CRITICAL,1 day,Continuously,21-50,Yes,College area,English,Synthetic initial dataset
VCGIS-1208,Please check near the bus stop. There is a continuous pipe leak and the issue is disrupting normal household activities. This has been happening for 4 days.,WATER,Pipeline Leakage,MEDIUM,4 days,Continuously,21-50,No,Market area,English,Synthetic initial dataset
VCGIS-0103,I want to report a large pothole near the apartment entrance. The problem has continued for 1 month. Traffic slows down around the location. Kindly arrange a field inspection and repair.,ROAD,Pothole,HIGH,1 month,Daily,51-100,Yes,Public road,English,Synthetic initial dataset
VCGIS-0167,There is a road issue beside the temple: a broken road stretch. It happens frequently and has continued for 2 weeks. Pedestrians are being forced to move onto the road.,ROAD,Road Damage,MEDIUM,2 weeks,Frequently,21-50,No,College area,English,Synthetic initial dataset
VCGIS-0726,I want to report the transformer appears faulty beside the government school. It has been happening for 2 days. People are worried about electrical safety. Please resolve the problem as soon as possible.,ELECTRICITY,Transformer Problem,HIGH,2 days,Frequently,51-100,Yes,Public road,English,Synthetic initial dataset
VCGIS-1319,Near the college gate has a water problem: the borewell pump has stopped. The issue is particularly difficult for elderly residents. Please resolve the problem as soon as possible.,WATER,Borewell Failure,HIGH,1 week,Daily,51-100,No,College area,English,Synthetic initial dataset
VCGIS-1345,Please check behind the local market. The local borewell is not supplying water and people are worried about using the water. This has been happening for 1 week.,WATER,Borewell Failure,HIGH,1 week,Daily,51-100,No,Residential area,English,Synthetic initial dataset
VCGIS-1201,"The roadside pipe is leaking near the community hall. It has continued for 4 days, and residents are having to arrange water from elsewhere. The problem is becoming more frequent. Please inspect the issue and take necessary action.",WATER,Pipeline Leakage,HIGH,4 days,Continuously,21-50,No,Market area,English,Synthetic initial dataset
VCGIS-0981,Beside the public park has an electricity problem: sparks are coming from the electrical equipment. There is no warning sign around the affected equipment. Kindly arrange a field inspection and repair.,ELECTRICITY,Sparking,CRITICAL,1 day,Frequently,21-50,Yes,College area,English,Synthetic initial dataset
VCGIS-0281,There is a road issue near the main junction: part of the road has collapsed. It happens continuously and has continued for 1 day. Riders are having to suddenly change direction.,ROAD,Road Collapse,CRITICAL,1 day,Continuously,More than 100,Yes,College area,English,Synthetic initial dataset
VCGIS-0636,Beside the government school has an electricity problem: the power is out. The problem is worse after sunset. Please inspect the issue and take necessary action.,ELECTRICITY,Power Outage,CRITICAL,1 day,Continuously,More than 100,Yes,College area,English,Synthetic initial dataset
VCGIS-1353,The supply pump has stopped behind the local market for 3 days. The issue is disrupting normal household activities. People are having to depend on alternative sources.,WATER,Pump Failure,HIGH,3 days,Daily,51-100,No,Village area,English,Synthetic initial dataset
VCGIS-0482,Please check close to the railway station. The manhole is raised above the road and pedestrians are being forced to move onto the road. This has been going on for 3 days. Kindly send a team to assess and fix the problem.,ROAD,Damaged Manhole,CRITICAL,3 days,Continuously,51-100,Yes,Public road,English,Synthetic initial dataset
VCGIS-0854,I want to report a cable is hanging near pedestrians close to the petrol bunk. It has been happening for 1 day. Nearby homes are being affected. Please resolve the problem as soon as possible.,ELECTRICITY,Broken/Low-Hanging Wire,CRITICAL,1 day,Continuously,21-50,Yes,Market area,English,Synthetic initial dataset
VCGIS-1176,I want to report only a small amount of water is coming near the village office. The problem has been there for 1 week. Nearby families are affected. Kindly send a team to assess and fix the problem.,WATER,Low Water Pressure,MEDIUM,1 week,Daily,21-50,No,Bus/transport area,English,Synthetic initial dataset
VCGIS-0888,An electrical wire has come loose near the public library 1 day. The area becomes difficult to use after dark. The problem is worse after sunset.,ELECTRICITY,Broken/Low-Hanging Wire,CRITICAL,1 day,Continuously,21-50,Yes,Public road,English,Synthetic initial dataset
VCGIS-1393,Please check beside the government school. The pumping system is down and several households are affected. This has been happening for 3 days.,WATER,Pump Failure,HIGH,3 days,Daily,51-100,No,Market area,English,Synthetic initial dataset
VCGIS-1209,I want to report the roadside pipe is leaking near the village office. The problem has been there for 4 days. People are struggling with daily water needs. Please take appropriate corrective action.,WATER,Pipeline Leakage,MEDIUM,4 days,Continuously,21-50,No,Village area,English,Synthetic initial dataset
VCGIS-1101,There is no water supply on the main road for 7 days. Residents are having to arrange water from elsewhere. People are having to depend on alternative sources.,WATER,No Water Supply,HIGH,7 days,Continuously,More than 100,Yes,Public road,English,Synthetic initial dataset
VCGIS-1109,Our taps are dry in our residential layout for 7 days. Several households are affected. The issue is particularly difficult for elderly residents.,WATER,No Water Supply,CRITICAL,7 days,Continuously,More than 100,Yes,Residential area,English,Synthetic initial dataset
VCGIS-0001,Please check near the hospital. A dangerous pothole and pedestrians are being forced to move onto the road. This has been going on for 3 days. The concerned department should check this location.,ROAD,Pothole,MEDIUM,3 days,Occasionally,6-20,No,Market area,English,Synthetic initial dataset
VCGIS-0408,Near the community hall has the speed breaker has a sharp broken edge. It has been happening for 2 weeks and riders are having to suddenly change direction. It is especially difficult to notice the damage at night.,ROAD,Damaged Speed Breaker,HIGH,2 weeks,Frequently,21-50,Yes,Bus/transport area,English,Synthetic initial dataset
VCGIS-0582,Beside the government school has an electricity problem: there is no electricity. The issue has been noticed by several nearby residents. Kindly send a team to assess and fix the problem.,ELECTRICITY,Power Outage,HIGH,3 days,Daily,51-100,No,College area,English,Synthetic initial dataset
VCGIS-0738,Please check close to the railway station. The transformer has stopped working and the area becomes difficult to use after dark. The problem has existed for 2 days.,ELECTRICITY,Transformer Problem,HIGH,2 days,Frequently,51-100,Yes,Market area,English,Synthetic initial dataset
VCGIS-0460,There is a road issue near the main junction: the manhole cover is missing. It happens continuously and has continued for 3 days. Children and older people are finding it difficult to cross.,ROAD,Damaged Manhole,CRITICAL,3 days,Continuously,51-100,Yes,Bus/transport area,English,Synthetic initial dataset
VCGIS-1032,Please check near the community hall. The street has no water and residents are having to arrange water from elsewhere. This has been happening for 2 days.,WATER,No Water Supply,MEDIUM,2 days,Daily,21-50,No,Bus/transport area,English,Synthetic initial dataset
VCGIS-0161,There is a road issue behind the local market: a badly damaged road surface. It happens frequently and has continued for 2 weeks. Children and older people are finding it difficult to cross.,ROAD,Road Damage,MEDIUM,2 weeks,Frequently,21-50,No,Public road,English,Synthetic initial dataset
VCGIS-0176,Please check near the apartment entrance. A broken road stretch and children and older people are finding it difficult to cross. This has been going on for 2 weeks. Please resolve the problem as soon as possible.,ROAD,Road Damage,MEDIUM,2 weeks,Frequently,21-50,No,College area,English,Synthetic initial dataset
VCGIS-0878,A wire appears to be sagging dangerously near the college gate 1 day. Shops and residents are facing disruption. The fault appears to be getting worse.,ELECTRICITY,Broken/Low-Hanging Wire,CRITICAL,1 day,Continuously,21-50,Yes,Village area,English,Synthetic initial dataset
VCGIS-1068,"Water has stopped coming behind the local market. It has continued for 5 days, and nearby families are affected. People are having to depend on alternative sources. Kindly send a team to assess and fix the problem.",WATER,No Water Supply,CRITICAL,5 days,Daily,51-100,No,Village area,English,Synthetic initial dataset
VCGIS-0646,There is no electricity beside the temple 1 day. Shops and residents are facing disruption. Residents are worried that someone could get hurt.,ELECTRICITY,Power Outage,CRITICAL,1 day,Continuously,More than 100,Yes,Public road,English,Synthetic initial dataset
VCGIS-0004,Please check at the market junction. A large pothole and pedestrians are being forced to move onto the road. This has been going on for 3 days. Please inspect the issue and take necessary action.,ROAD,Pothole,LOW,3 days,Occasionally,6-20,No,Public road,English,Synthetic initial dataset
VCGIS-0113,Behind the local market has deep potholes. It has been happening for 1 month and traffic slows down around the location. It is especially difficult to notice the damage at night.,ROAD,Pothole,HIGH,1 month,Daily,51-100,Yes,College area,English,Synthetic initial dataset
VCGIS-0116,There is a road issue behind the local market: deep potholes. It happens daily and has continued for 1 month. Vehicles are struggling to pass.,ROAD,Pothole,HIGH,1 month,Daily,51-100,Yes,Residential area,English,Synthetic initial dataset
VCGIS-0277,Please check near the bus stop. A section of the road has given way and two-wheelers are having difficulty using the stretch. This has been going on for 1 day. The concerned department should check this location.,ROAD,Road Collapse,CRITICAL,1 day,Continuously,More than 100,Yes,Market area,English,Synthetic initial dataset
VCGIS-0238,"A broken road stretch near the community hall. It has been like this for 2 months, and vehicles are struggling to pass. It is especially difficult to notice the damage at night. Kindly arrange a field inspection and repair.",ROAD,Road Damage,HIGH,2 months,Daily,51-100,Yes,College area,English,Synthetic initial dataset
VCGIS-0815,Please check near the public library. The pole is damaged and the area becomes difficult to use after dark. The problem has existed for 3 days.,ELECTRICITY,Electrical Pole Damage,HIGH,3 days,Continuously,51-100,Yes,Residential area,English,Synthetic initial dataset
VCGIS-0401,I want to report the speed breaker is uneven in our residential layout. The problem has continued for 2 weeks. Riders are having to suddenly change direction. Please inspect the issue and take necessary action.,ROAD,Damaged Speed Breaker,CRITICAL,2 weeks,Frequently,21-50,Yes,Village area,English,Synthetic initial dataset
VCGIS-0450,Please check on the main road. The speed breaker is broken and children and older people are finding it difficult to cross. This has been going on for 2 weeks. Please take appropriate corrective action.,ROAD,Damaged Speed Breaker,HIGH,2 weeks,Frequently,21-50,Yes,Public road,English,Synthetic initial dataset
VCGIS-0621,The whole area has lost power near the hospital 1 day. Shops and residents are facing disruption. There is no warning sign around the affected equipment.,ELECTRICITY,Power Outage,CRITICAL,1 day,Continuously,More than 100,Yes,Public road,English,Synthetic initial dataset
VCGIS-1492,Please check beside the public park. The water looks contaminated and the issue is disrupting normal household activities. This has been happening for 2 days.,WATER,Water Contamination,CRITICAL,2 days,Continuously,51-100,Yes,Public road,English,Synthetic initial dataset
VCGIS-0220,Beside the public park has a badly damaged road surface. It has been happening for 2 months and vehicles are struggling to pass. It is especially difficult to notice the damage at night.,ROAD,Road Damage,HIGH,2 months,Daily,51-100,Yes,Village area,English,Synthetic initial dataset
VCGIS-0494,There is a road issue near the apartment entrance: an open manhole is present. It happens continuously and has continued for 3 days. Riders are having to suddenly change direction.,ROAD,Damaged Manhole,CRITICAL,3 days,Continuously,51-100,Yes,Market area,English,Synthetic initial dataset
VCGIS-0561,"The whole area has lost power beside the temple. The issue has continued for 3 days, and nearby homes are being affected. Residents are worried that someone could get hurt. Please take appropriate corrective action.",ELECTRICITY,Power Outage,HIGH,3 days,Daily,51-100,No,Bus/transport area,English,Synthetic initial dataset
VCGIS-1153,Water comes with very low pressure near the community hall for 1 week. The issue is disrupting normal household activities. The problem is becoming more frequent.,WATER,Low Water Pressure,MEDIUM,1 week,Daily,21-50,No,College area,English,Synthetic initial dataset
VCGIS-0717,I want to report the transformer is making a loud noise beside the government school. It has been happening for 2 days. The area becomes difficult to use after dark. The concerned department should check this location.,ELECTRICITY,Transformer Problem,HIGH,2 days,Frequently,51-100,Yes,Village area,English,Synthetic initial dataset
VCGIS-0861,Please check near the community hall. A cable is hanging near pedestrians and the area becomes difficult to use after dark. The problem has existed for 1 day.,ELECTRICITY,Broken/Low-Hanging Wire,CRITICAL,1 day,Continuously,21-50,Yes,Village area,English,Synthetic initial dataset
VCGIS-0504,Near the playground has an electricity problem: electricity keeps going off. Residents are worried that someone could get hurt. Please inspect the issue and take necessary action.,ELECTRICITY,Power Outage,MEDIUM,1 day,Occasionally,21-50,No,Bus/transport area,English,Synthetic initial dataset
VCGIS-1283,Behind the local market has a water problem: the supply pipe has burst. Several houses have reported the same problem. The concerned department should check this location.,WATER,Pipeline Burst,HIGH,1 day,Continuously,51-100,Yes,Bus/transport area,English,Synthetic initial dataset
VCGIS-0248,Please check close to the railway station. A badly damaged road surface and children and older people are finding it difficult to cross. This has been going on for 2 months. Kindly send a team to assess and fix the problem.,ROAD,Road Damage,HIGH,2 months,Daily,51-100,Yes,Residential area,English,Synthetic initial dataset
VCGIS-0022,There is a road issue near the hospital: a dangerous pothole. It happens occasionally and has continued for 3 days. Traffic slows down around the location.,ROAD,Pothole,LOW,3 days,Occasionally,6-20,No,College area,English,Synthetic initial dataset
VCGIS-0516,"The whole area has lost power near the apartment entrance. The issue has continued for 1 day, and visibility is poor in the evening. Residents are worried that someone could get hurt. Please take appropriate corrective action.",ELECTRICITY,Power Outage,MEDIUM,1 day,Occasionally,21-50,No,Bus/transport area,English,Synthetic initial dataset
VCGIS-0829,Please check near the hospital. The pole looks unstable and shops and residents are facing disruption. The problem has existed for 3 days.,ELECTRICITY,Electrical Pole Damage,HIGH,3 days,Continuously,51-100,Yes,Public road,English,Synthetic initial dataset
VCGIS-1420,The water tank is not filling near the apartment entrance for 2 weeks. People are worried about using the water. Residents have already tried reporting the issue locally.,WATER,Water Tank Problem,MEDIUM,2 weeks,Frequently,21-50,No,College area,English,Synthetic initial dataset
VCGIS-1052,Near the main junction has a water problem: the street has no water. Several houses have reported the same problem. Kindly send a team to assess and fix the problem.,WATER,No Water Supply,HIGH,5 days,Daily,51-100,No,Public road,English,Synthetic initial dataset
VCGIS-0073,"Deep potholes at the market junction. It has been like this for 2 weeks, and vehicles are struggling to pass. There is no warning sign around the damaged section. Please inspect the issue and take necessary action.",ROAD,Pothole,MEDIUM,2 weeks,Frequently,21-50,No,Market area,English,Synthetic initial dataset
VCGIS-0703,"The transformer has stopped working near the college gate. The issue has continued for 2 days, and visibility is poor in the evening. The issue has been noticed by several nearby residents. Kindly send a team to assess and fix the problem.",ELECTRICITY,Transformer Problem,HIGH,2 days,Frequently,51-100,Yes,Bus/transport area,English,Synthetic initial dataset
VCGIS-0087,"A large pothole behind the local market. It has been like this for 2 weeks, and children and older people are finding it difficult to cross. The problem gets worse when it rains. Please take appropriate corrective action.",ROAD,Pothole,MEDIUM,2 weeks,Frequently,21-50,No,Market area,English,Synthetic initial dataset
VCGIS-0592,On the main road has an electricity problem: electricity keeps going off. There is no warning sign around the affected equipment. Kindly send a team to assess and fix the problem.,ELECTRICITY,Power Outage,HIGH,3 days,Daily,51-100,No,Bus/transport area,English,Synthetic initial dataset
VCGIS-1435,Please check near the playground. The community tank is damaged and several households are affected. This has been happening for 2 weeks.,WATER,Water Tank Problem,HIGH,2 weeks,Frequently,21-50,No,Bus/transport area,English,Synthetic initial dataset
VCGIS-1193,Only a small amount of water is coming near the community hall for 1 week. People are worried about using the water. The issue is particularly difficult for elderly residents.,WATER,Low Water Pressure,MEDIUM,1 week,Daily,21-50,No,Market area,English,Synthetic initial dataset
VCGIS-1217,"There is a continuous pipe leak near the college gate. It has continued for 4 days, and people are struggling with daily water needs. The problem is becoming more frequent. Please inspect the issue and take necessary action.",WATER,Pipeline Leakage,MEDIUM,4 days,Continuously,21-50,No,Public road,English,Synthetic initial dataset
VCGIS-0021,There is a road issue at the market junction: a large pothole. It happens occasionally and has continued for 3 days. Pedestrians are being forced to move onto the road.,ROAD,Pothole,LOW,3 days,Occasionally,6-20,No,Residential area,English,Synthetic initial dataset
VCGIS-1117,Our taps are dry on the main road for 7 days. The issue is disrupting normal household activities. Several houses have reported the same problem.,WATER,No Water Supply,CRITICAL,7 days,Continuously,More than 100,Yes,Bus/transport area,English,Synthetic initial dataset
VCGIS-0588,The whole area has lost power on the main road 3 days. Several households are affected. There is no warning sign around the affected equipment.,ELECTRICITY,Power Outage,HIGH,3 days,Daily,51-100,No,Village area,English,Synthetic initial dataset
VCGIS-0375,Please check near the bus stop. The footpath has become uneven and two-wheelers are having difficulty using the stretch. This has been going on for 1 month. Please resolve the problem as soon as possible.,ROAD,Footpath Damage,MEDIUM,1 month,Frequently,21-50,No,Residential area,English,Synthetic initial dataset
VCGIS-0631,I want to report the whole area has lost power near the playground. It has been happening for 1 day. Nearby homes are being affected. Kindly arrange a field inspection and repair.,ELECTRICITY,Power Outage,CRITICAL,1 day,Continuously,More than 100,Yes,Bus/transport area,English,Synthetic initial dataset
VCGIS-1301,I want to report the borewell pump has stopped near the bus stop. The problem has been there for 1 week. People are worried about using the water. Kindly send a team to assess and fix the problem.,WATER,Borewell Failure,CRITICAL,1 week,Daily,51-100,No,Residential area,English,Synthetic initial dataset
VCGIS-1369,In our residential layout has a water problem: the pumping system is down. People are having to depend on alternative sources. Please take appropriate corrective action.,WATER,Pump Failure,HIGH,3 days,Daily,51-100,No,Residential area,English,Synthetic initial dataset
VCGIS-0606,I want to report electricity keeps going off at the market junction. It has been happening for 1 day. Shops and residents are facing disruption. Please take appropriate corrective action.,ELECTRICITY,Power Outage,CRITICAL,1 day,Continuously,More than 100,Yes,Residential area,English,Synthetic initial dataset
VCGIS-0814,"The pole looks unstable near the village office. The issue has continued for 3 days, and several households are affected. The issue has been noticed by several nearby residents. Kindly send a team to assess and fix the problem.",ELECTRICITY,Electrical Pole Damage,HIGH,3 days,Continuously,51-100,Yes,Market area,English,Synthetic initial dataset
VCGIS-0967,Please check beside the government school. The pole is producing sparks and nearby homes are being affected. The problem has existed for 1 day.,ELECTRICITY,Sparking,CRITICAL,1 day,Frequently,21-50,Yes,Market area,English,Synthetic initial dataset
VCGIS-0776,The transformer is making a loud noise close to the petrol bunk 1 day. People are worried about electrical safety. Residents are worried that someone could get hurt.,ELECTRICITY,Transformer Problem,CRITICAL,1 day,Continuously,More than 100,Yes,Residential area,English,Synthetic initial dataset
VCGIS-0137,"Several potholes on the main road. It has been like this for 1 month, and vehicles are struggling to pass. A two-wheeler nearly lost balance there recently. Kindly send a team to assess and fix the problem.",ROAD,Pothole,HIGH,1 month,Daily,51-100,Yes,College area,English,Synthetic initial dataset
VCGIS-0289,I want to report the roadside has caved in near the playground. The problem has continued for 1 day. Traffic slows down around the location. Please resolve the problem as soon as possible.,ROAD,Road Collapse,CRITICAL,1 day,Continuously,More than 100,Yes,Public road,English,Synthetic initial dataset
VCGIS-1480,People are reporting unsafe-looking drinking water near the hospital for 2 days. Residents are having to arrange water from elsewhere. People are having to depend on alternative sources.,WATER,Water Contamination,CRITICAL,2 days,Continuously,51-100,Yes,Market area,English,Synthetic initial dataset
VCGIS-1306,The local borewell is not supplying water on the main road for 1 week. Several households are affected. The problem is becoming more frequent.,WATER,Borewell Failure,HIGH,1 week,Daily,51-100,No,Village area,English,Synthetic initial dataset
VCGIS-1397,Please check near the community hall. The pumping system is down and people are worried about using the water. This has been happening for 3 days.,WATER,Pump Failure,HIGH,3 days,Daily,51-100,No,Residential area,English,Synthetic initial dataset
VCGIS-1152,Please check at the market junction. Water pressure is very low and nearby families are affected. This has been happening for 1 week.,WATER,Low Water Pressure,MEDIUM,1 week,Daily,21-50,No,Public road,English,Synthetic initial dataset
VCGIS-1455,Please check in our residential layout. The tap water has a bad smell and people are struggling with daily water needs. This has been happening for 2 days.,WATER,Water Contamination,CRITICAL,2 days,Continuously,51-100,Yes,Public road,English,Synthetic initial dataset
VCGIS-1131,I want to report water has stopped coming beside the public park. The problem has been there for 7 days. Several households are affected. The concerned department should check this location.,WATER,No Water Supply,CRITICAL,7 days,Continuously,More than 100,Yes,Bus/transport area,English,Synthetic initial dataset
VCGIS-0301,Near the community hall has water is collecting across the road. It has been happening for 1 week and traffic slows down around the location. People have complained about the same spot before.,ROAD,Waterlogged Road,CRITICAL,1 week,Daily,51-100,Yes,Market area,English,Synthetic initial dataset
VCGIS-0519,Please check near the public library. The power is out and people are worried about electrical safety. The problem has existed for 1 day.,ELECTRICITY,Power Outage,MEDIUM,1 day,Occasionally,21-50,No,Bus/transport area,English,Synthetic initial dataset
VCGIS-0370,Close to the petrol bunk has pavement tiles are damaged. It has been happening for 1 month and riders are having to suddenly change direction. People have complained about the same spot before.,ROAD,Footpath Damage,MEDIUM,1 month,Frequently,21-50,No,Market area,English,Synthetic initial dataset
VCGIS-0987,Please check near the playground. The transformer is sparking and nearby homes are being affected. The problem has existed for 1 day.,ELECTRICITY,Sparking,CRITICAL,1 day,Frequently,21-50,Yes,Market area,English,Synthetic initial dataset
VCGIS-0102,Please check near the college gate. Deep potholes and vehicles are struggling to pass. This has been going on for 1 month. The concerned department should check this location.,ROAD,Pothole,HIGH,1 month,Daily,51-100,Yes,Public road,English,Synthetic initial dataset
VCGIS-0873,"An electrical wire has come loose near the playground. The issue has continued for 1 day, and shops and residents are facing disruption. The problem is worse after sunset. Kindly send a team to assess and fix the problem.",ELECTRICITY,Broken/Low-Hanging Wire,CRITICAL,1 day,Continuously,21-50,Yes,Market area,English,Synthetic initial dataset
VCGIS-0449,Near the community hall has the speed breaker has a sharp broken edge. It has been happening for 2 weeks and riders are having to suddenly change direction. People have complained about the same spot before.,ROAD,Damaged Speed Breaker,HIGH,2 weeks,Frequently,21-50,Yes,Residential area,English,Synthetic initial dataset
VCGIS-0201,There is a road issue at the market junction: a badly damaged road surface. It happens daily and has continued for 2 months. Pedestrians are being forced to move onto the road.,ROAD,Road Damage,CRITICAL,2 months,Daily,51-100,Yes,Village area,English,Synthetic initial dataset
VCGIS-0366,"Pavement tiles are damaged near the hospital. It has been like this for 1 month, and vehicles are struggling to pass. A two-wheeler nearly lost balance there recently. Kindly arrange a field inspection and repair.",ROAD,Footpath Damage,MEDIUM,1 month,Frequently,21-50,No,Bus/transport area,English,Synthetic initial dataset
VCGIS-0548,There is no electricity at the market junction 1 day. Visibility is poor in the evening. The problem is worse after sunset.,ELECTRICITY,Power Outage,MEDIUM,1 day,Occasionally,21-50,No,College area,English,Synthetic initial dataset
VCGIS-1460,I want to report the water looks contaminated beside the public park. The problem has been there for 2 days. People are worried about using the water. Please take appropriate corrective action.,WATER,Water Contamination,CRITICAL,2 days,Continuously,51-100,Yes,Bus/transport area,English,Synthetic initial dataset
VCGIS-1115,There is no water supply near the bus stop for 7 days. Residents are having to arrange water from elsewhere. People are having to depend on alternative sources.,WATER,No Water Supply,CRITICAL,7 days,Continuously,More than 100,Yes,Public road,English,Synthetic initial dataset
VCGIS-1159,The tap flow is weak near the village office for 1 week. The issue is disrupting normal household activities. The problem is becoming more frequent.,WATER,Low Water Pressure,MEDIUM,1 week,Daily,21-50,No,Market area,English,Synthetic initial dataset
VCGIS-0316,Beside the government school has the road stays flooded after rain. It has been happening for 1 week and two-wheelers are having difficulty using the stretch. It is especially difficult to notice the damage at night.,ROAD,Waterlogged Road,HIGH,1 week,Daily,51-100,Yes,Residential area,English,Synthetic initial dataset
VCGIS-1413,Close to the petrol bunk has a water problem: the water tank is not filling. People are having to depend on alternative sources. The concerned department should check this location.,WATER,Water Tank Problem,MEDIUM,2 weeks,Frequently,21-50,No,Village area,English,Synthetic initial dataset
VCGIS-0593,I want to report electricity keeps going off near the public library. It has been happening for 3 days. Several households are affected. Please resolve the problem as soon as possible.,ELECTRICITY,Power Outage,HIGH,3 days,Daily,51-100,No,Public road,English,Synthetic initial dataset
VCGIS-1308,The borewell has failed at the market junction for 1 week. Nearby families are affected. The problem is becoming more frequent.,WATER,Borewell Failure,HIGH,1 week,Daily,51-100,No,Residential area,English,Synthetic initial dataset
VCGIS-0767,Please check on the main road. The transformer has stopped working and the area becomes difficult to use after dark. The problem has existed for 1 day.,ELECTRICITY,Transformer Problem,CRITICAL,1 day,Continuously,More than 100,Yes,Public road,English,Synthetic initial dataset
VCGIS-0630,"There is no electricity beside the temple. The issue has continued for 1 day, and people are worried about electrical safety. There is no warning sign around the affected equipment. Please resolve the problem as soon as possible.",ELECTRICITY,Power Outage,CRITICAL,1 day,Continuously,More than 100,Yes,Residential area,English,Synthetic initial dataset
VCGIS-0855,A wire is hanging very low near the bus stop 1 day. The area becomes difficult to use after dark. The problem is worse after sunset.,ELECTRICITY,Broken/Low-Hanging Wire,CRITICAL,1 day,Continuously,21-50,Yes,College area,English,Synthetic initial dataset
VCGIS-1206,There is a continuous pipe leak near the community hall for 4 days. The issue is disrupting normal household activities. Several houses have reported the same problem.,WATER,Pipeline Leakage,MEDIUM,4 days,Continuously,21-50,No,Village area,English,Synthetic initial dataset
VCGIS-1444,The water tank is not filling on the main road for 2 weeks. People are struggling with daily water needs. Several houses have reported the same problem.,WATER,Water Tank Problem,MEDIUM,2 weeks,Frequently,21-50,No,Village area,English,Synthetic initial dataset
VCGIS-0992,Close to the petrol bunk has an electricity problem: sparks are coming from the electrical equipment. Residents are worried that someone could get hurt. Please inspect the issue and take necessary action.,ELECTRICITY,Sparking,CRITICAL,1 day,Frequently,21-50,Yes,College area,English,Synthetic initial dataset
VCGIS-0785,Please check close to the railway station. The transformer has stopped working and people are worried about electrical safety. The problem has existed for 1 day.,ELECTRICITY,Transformer Problem,HIGH,1 day,Continuously,More than 100,Yes,Residential area,English,Synthetic initial dataset
VCGIS-1199,Only a small amount of water is coming close to the railway station for 1 week. Nearby families are affected. The issue is particularly difficult for elderly residents.,WATER,Low Water Pressure,MEDIUM,1 week,Daily,21-50,No,Bus/transport area,English,Synthetic initial dataset
VCGIS-1491,"People are reporting unsafe-looking drinking water near the playground. It has continued for 2 days, and people are worried about using the water. The problem is becoming more frequent. Kindly arrange a field inspection and repair.",WATER,Water Contamination,CRITICAL,2 days,Continuously,51-100,Yes,Market area,English,Synthetic initial dataset
VCGIS-0927,"An electrical cable is exposed on the main road. The issue has continued for 2 days, and several households are affected. The fault appears to be getting worse. The concerned department should check this location.",ELECTRICITY,Exposed Electrical Cable,CRITICAL,2 days,Continuously,21-50,Yes,Public road,English,Synthetic initial dataset
VCGIS-1110,Please check close to the railway station. The street has no water and people are struggling with daily water needs. This has been happening for 7 days.,WATER,No Water Supply,CRITICAL,7 days,Continuously,More than 100,Yes,Market area,English,Synthetic initial dataset
VCGIS-0578,The power is out near the college gate 3 days. People are worried about electrical safety. The issue has been noticed by several nearby residents.,ELECTRICITY,Power Outage,HIGH,3 days,Daily,51-100,No,Bus/transport area,English,Synthetic initial dataset
VCGIS-1079,"Our taps are dry near the college gate. It has continued for 5 days, and people are struggling with daily water needs. Residents have already tried reporting the issue locally. Kindly arrange a field inspection and repair.",WATER,No Water Supply,HIGH,5 days,Daily,51-100,No,College area,English,Synthetic initial dataset
VCGIS-1186,Close to the railway station has a water problem: water pressure is very low. The problem is becoming more frequent. Please inspect the issue and take necessary action.,WATER,Low Water Pressure,MEDIUM,1 week,Daily,21-50,No,Residential area,English,Synthetic initial dataset
VCGIS-0311,Please check near the apartment entrance. Water is collecting across the road and children and older people are finding it difficult to cross. This has been going on for 1 week. Kindly send a team to assess and fix the problem.,ROAD,Waterlogged Road,HIGH,1 week,Daily,51-100,Yes,College area,English,Synthetic initial dataset
VCGIS-0755,I want to report the transformer has stopped working close to the petrol bunk. It has been happening for 1 day. Visibility is poor in the evening. Please inspect the issue and take necessary action.,ELECTRICITY,Transformer Problem,CRITICAL,1 day,Continuously,More than 100,Yes,Bus/transport area,English,Synthetic initial dataset
VCGIS-0389,Beside the public park has the footpath has become uneven. It has been happening for 1 month and traffic slows down around the location. There is no warning sign around the damaged section.,ROAD,Footpath Damage,MEDIUM,1 month,Frequently,21-50,No,Residential area,English,Synthetic initial dataset
VCGIS-0749,"The transformer is overheating beside the public park. The issue has continued for 2 days, and visibility is poor in the evening. There is no warning sign around the affected equipment. Kindly arrange a field inspection and repair.",ELECTRICITY,Transformer Problem,HIGH,2 days,Frequently,51-100,Yes,Public road,English,Synthetic initial dataset
VCGIS-0982,Near the community hall has an electricity problem: the pole is producing sparks. The fault appears to be getting worse. Kindly send a team to assess and fix the problem.,ELECTRICITY,Sparking,CRITICAL,1 day,Frequently,21-50,Yes,Residential area,English,Synthetic initial dataset
VCGIS-0678,The streetlight is not working in our residential layout 2 weeks. People are worried about electrical safety. There is no warning sign around the affected equipment.,ELECTRICITY,Streetlight Failure,MEDIUM,2 weeks,Daily,21-50,Yes,Residential area,English,Synthetic initial dataset
VCGIS-0205,There is a road issue behind the local market: a broken road stretch. It happens daily and has continued for 2 months. Vehicles are struggling to pass.,ROAD,Road Damage,HIGH,2 months,Daily,51-100,Yes,Bus/transport area,English,Synthetic initial dataset
VCGIS-1290,Beside the government school has a water problem: a main pipe has broken. The problem is becoming more frequent. Please resolve the problem as soon as possible.,WATER,Pipeline Burst,HIGH,1 day,Continuously,51-100,Yes,Residential area,English,Synthetic initial dataset
VCGIS-0140,There is a road issue near the main junction: several potholes. It happens daily and has continued for 1 month. Pedestrians are being forced to move onto the road.,ROAD,Pothole,HIGH,1 month,Daily,51-100,Yes,Bus/transport area,English,Synthetic initial dataset
VCGIS-0914,"An electrical wire is exposed on the main road. The issue has continued for 2 days, and the area becomes difficult to use after dark. Residents are worried that someone could get hurt. Please take appropriate corrective action.",ELECTRICITY,Exposed Electrical Cable,CRITICAL,2 days,Continuously,21-50,Yes,Market area,English,Synthetic initial dataset
VCGIS-0233,"A badly damaged road surface in our residential layout. It has been like this for 2 months, and riders are having to suddenly change direction. It is especially difficult to notice the damage at night. Kindly send a team to assess and fix the problem.",ROAD,Road Damage,HIGH,2 months,Daily,51-100,Yes,Village area,English,Synthetic initial dataset
VCGIS-0009,Please check near the public library. A large pothole and vehicles are struggling to pass. This has been going on for 3 days. The concerned department should check this location.,ROAD,Pothole,LOW,3 days,Occasionally,6-20,No,Market area,English,Synthetic initial dataset
VCGIS-0284,Please check near the public library. The roadside has caved in and riders are having to suddenly change direction. This has been going on for 1 day. Please resolve the problem as soon as possible.,ROAD,Road Collapse,CRITICAL,1 day,Continuously,More than 100,Yes,College area,English,Synthetic initial dataset
VCGIS-0921,Close to the railway station has an electricity problem: an electrical wire is exposed. The fault appears to be getting worse. Please inspect the issue and take necessary action.,ELECTRICITY,Exposed Electrical Cable,CRITICAL,2 days,Continuously,21-50,Yes,Bus/transport area,English,Synthetic initial dataset
VCGIS-1315,Please check in our residential layout. The borewell is not working and several households are affected. This has been happening for 1 week.,WATER,Borewell Failure,HIGH,1 week,Daily,51-100,No,Residential area,English,Synthetic initial dataset
VCGIS-0570,"There is no electricity near the public library. The issue has continued for 3 days, and people are worried about electrical safety. Residents are worried that someone could get hurt. The concerned department should check this location.",ELECTRICITY,Power Outage,HIGH,3 days,Daily,51-100,No,Residential area,English,Synthetic initial dataset
VCGIS-0155,There is a road issue on the main road: uneven asphalt. It happens frequently and has continued for 2 weeks. Riders are having to suddenly change direction.,ROAD,Road Damage,MEDIUM,2 weeks,Frequently,21-50,No,Market area,English,Synthetic initial dataset
VCGIS-0146,Near the apartment entrance has deep potholes. It has been happening for 1 month and traffic slows down around the location. The problem gets worse when it rains.,ROAD,Pothole,HIGH,1 month,Daily,51-100,Yes,Residential area,English,Synthetic initial dataset
VCGIS-0656,I want to report several streetlights are off behind the local market. It has been happening for 2 weeks. Nearby homes are being affected. Please resolve the problem as soon as possible.,ELECTRICITY,Streetlight Failure,MEDIUM,2 weeks,Daily,21-50,Yes,Residential area,English,Synthetic initial dataset
VCGIS-0513,The power is out near the public library 1 day. Visibility is poor in the evening. The fault appears to be getting worse.,ELECTRICITY,Power Outage,MEDIUM,1 day,Occasionally,21-50,No,College area,English,Synthetic initial dataset
VCGIS-1166,"Water pressure is very low on the main road. It has continued for 1 week, and nearby families are affected. Residents have already tried reporting the issue locally. The concerned department should check this location.",WATER,Low Water Pressure,MEDIUM,1 week,Daily,21-50,No,College area,English,Synthetic initial dataset
VCGIS-0295,I want to report the road edge has collapsed beside the government school. The problem has continued for 1 day. Children and older people are finding it difficult to cross. The concerned department should check this location.,ROAD,Road Collapse,CRITICAL,1 day,Continuously,More than 100,Yes,Residential area,English,Synthetic initial dataset
VCGIS-1214,I want to report water is leaking from the main pipe in our residential layout. The problem has been there for 4 days. People are struggling with daily water needs. Please inspect the issue and take necessary action.,WATER,Pipeline Leakage,MEDIUM,4 days,Continuously,21-50,No,Public road,English,Synthetic initial dataset
VCGIS-0779,The transformer appears faulty at the market junction 1 day. Shops and residents are facing disruption. There is no warning sign around the affected equipment.,ELECTRICITY,Transformer Problem,CRITICAL,1 day,Continuously,More than 100,Yes,Village area,English,Synthetic initial dataset
VCGIS-0945,I want to report an electrical wire is exposed close to the railway station. It has been happening for 2 days. People are worried about electrical safety. Please take appropriate corrective action.,ELECTRICITY,Exposed Electrical Cable,CRITICAL,2 days,Continuously,21-50,Yes,Market area,English,Synthetic initial dataset
VCGIS-0182,Please check near the college gate. A badly damaged road surface and traffic slows down around the location. This has been going on for 2 weeks. Please inspect the issue and take necessary action.,ROAD,Road Damage,MEDIUM,2 weeks,Frequently,21-50,No,Public road,English,Synthetic initial dataset
VCGIS-0470,"The manhole cover is broken beside the temple. It has been like this for 3 days, and riders are having to suddenly change direction. People have complained about the same spot before. Please inspect the issue and take necessary action.",ROAD,Damaged Manhole,CRITICAL,3 days,Continuously,51-100,Yes,Bus/transport area,English,Synthetic initial dataset
VCGIS-0839,I want to report the pole is damaged behind the local market. It has been happening for 3 days. Several households are affected. Kindly arrange a field inspection and repair.,ELECTRICITY,Electrical Pole Damage,HIGH,3 days,Continuously,51-100,Yes,Market area,English,Synthetic initial dataset
VCGIS-0736,Please check near the apartment entrance. The transformer appears faulty and nearby homes are being affected. The problem has existed for 2 days.,ELECTRICITY,Transformer Problem,HIGH,2 days,Frequently,51-100,Yes,Public road,English,Synthetic initial dataset
VCGIS-0822,"The pole has visible cracks beside the public park. The issue has continued for 3 days, and shops and residents are facing disruption. Residents are worried that someone could get hurt. Please take appropriate corrective action.",ELECTRICITY,Electrical Pole Damage,HIGH,3 days,Continuously,51-100,Yes,Residential area,English,Synthetic initial dataset
VCGIS-1104,I want to report the street has no water on the main road. The problem has been there for 7 days. Several households are affected. The concerned department should check this location.,WATER,No Water Supply,CRITICAL,7 days,Continuously,More than 100,Yes,College area,English,Synthetic initial dataset
VCGIS-1470,Please check at the market junction. The water looks contaminated and the issue is disrupting normal household activities. This has been happening for 2 days.,WATER,Water Contamination,CRITICAL,2 days,Continuously,51-100,Yes,Bus/transport area,English,Synthetic initial dataset
VCGIS-1489,I want to report the water is unusually dirty near the village office. The problem has been there for 2 days. Nearby families are affected. Please take appropriate corrective action.,WATER,Water Contamination,CRITICAL,2 days,Continuously,51-100,Yes,Village area,English,Synthetic initial dataset
VCGIS-1114,Behind the local market has a water problem: water has stopped coming. Several houses have reported the same problem. Please take appropriate corrective action.,WATER,No Water Supply,CRITICAL,7 days,Continuously,More than 100,Yes,Bus/transport area,English,Synthetic initial dataset
VCGIS-0329,"The road is badly waterlogged behind the local market. It has been like this for 1 week, and two-wheelers are having difficulty using the stretch. There is no warning sign around the damaged section. Please inspect the issue and take necessary action.",ROAD,Waterlogged Road,HIGH,1 week,Daily,51-100,Yes,Market area,English,Synthetic initial dataset
VCGIS-1297,Please check close to the railway station. The water pipeline has burst and residents are having to arrange water from elsewhere. This has been happening for 1 day.,WATER,Pipeline Burst,HIGH,1 day,Continuously,51-100,Yes,Residential area,English,Synthetic initial dataset
VCGIS-0355,"Part of the footpath is missing near the public library. It has been like this for 1 month, and riders are having to suddenly change direction. People have complained about the same spot before. The concerned department should check this location.",ROAD,Footpath Damage,MEDIUM,1 month,Frequently,21-50,No,Bus/transport area,English,Synthetic initial dataset
VCGIS-0722,Please check near the bus stop. The transformer has stopped working and shops and residents are facing disruption. The problem has existed for 2 days.,ELECTRICITY,Transformer Problem,HIGH,2 days,Frequently,51-100,Yes,Village area,English,Synthetic initial dataset
VCGIS-1305,Please check near the hospital. The borewell pump has stopped and people are worried about using the water. This has been happening for 1 week.,WATER,Borewell Failure,HIGH,1 week,Daily,51-100,No,College area,English,Synthetic initial dataset
VCGIS-0835,Please check near the hospital. The pole looks unstable and the area becomes difficult to use after dark. The problem has existed for 3 days.,ELECTRICITY,Electrical Pole Damage,CRITICAL,3 days,Continuously,51-100,Yes,Public road,English,Synthetic initial dataset
VCGIS-0602,Please check beside the government school. The whole area has lost power and the area becomes difficult to use after dark. The problem has existed for 1 day.,ELECTRICITY,Power Outage,CRITICAL,1 day,Continuously,More than 100,Yes,Market area,English,Synthetic initial dataset
VCGIS-0463,"The manhole cover is broken near the apartment entrance. It has been like this for 3 days, and pedestrians are being forced to move onto the road. People have complained about the same spot before. Kindly arrange a field inspection and repair.",ROAD,Damaged Manhole,CRITICAL,3 days,Continuously,51-100,Yes,Market area,English,Synthetic initial dataset
VCGIS-0404,I want to report the speed breaker is broken near the community hall. The problem has continued for 2 weeks. Two-wheelers are having difficulty using the stretch. Please resolve the problem as soon as possible.,ROAD,Damaged Speed Breaker,HIGH,2 weeks,Frequently,21-50,Yes,Residential area,English,Synthetic initial dataset
VCGIS-0990,Please check near the bus stop. Sparks are coming from the electrical equipment and several households are affected. The problem has existed for 1 day.,ELECTRICITY,Sparking,CRITICAL,1 day,Frequently,21-50,Yes,Residential area,English,Synthetic initial dataset
VCGIS-0213,Close to the railway station has cracks across the road. It has been happening for 2 months and pedestrians are being forced to move onto the road. There is no warning sign around the damaged section.,ROAD,Road Damage,HIGH,2 months,Daily,51-100,Yes,Market area,English,Synthetic initial dataset
VCGIS-1330,I want to report the borewell has failed close to the petrol bunk. The problem has been there for 1 week. People are worried about using the water. Please inspect the issue and take necessary action.,WATER,Borewell Failure,HIGH,1 week,Daily,51-100,No,Village area,English,Synthetic initial dataset
VCGIS-0913,Wiring is visible near the roadside near the bus stop 2 days. People are worried about electrical safety. The problem is worse after sunset.,ELECTRICITY,Exposed Electrical Cable,CRITICAL,2 days,Continuously,21-50,Yes,Residential area,English,Synthetic initial dataset
VCGIS-1059,Please check on the main road. Our taps are dry and residents are having to arrange water from elsewhere. This has been happening for 5 days.,WATER,No Water Supply,HIGH,5 days,Daily,51-100,No,College area,English,Synthetic initial dataset
VCGIS-0506,"There is no electricity on the main road. The issue has continued for 1 day, and people are worried about electrical safety. There is no warning sign around the affected equipment. Please take appropriate corrective action.",ELECTRICITY,Power Outage,MEDIUM,1 day,Occasionally,21-50,No,Public road,English,Synthetic initial dataset
VCGIS-0663,Please check close to the railway station. The streetlight is not working and shops and residents are facing disruption. The problem has existed for 2 weeks.,ELECTRICITY,Streetlight Failure,MEDIUM,2 weeks,Daily,21-50,Yes,Public road,English,Synthetic initial dataset
VCGIS-0322,There is a road issue near the college gate: the road stays flooded after rain. It happens daily and has continued for 1 week. Riders are having to suddenly change direction.,ROAD,Waterlogged Road,HIGH,1 week,Daily,51-100,Yes,Market area,English,Synthetic initial dataset
VCGIS-1496,"The tap water has a bad smell on the main road. It has continued for 2 days, and nearby families are affected. The problem is becoming more frequent. Please resolve the problem as soon as possible.",WATER,Water Contamination,CRITICAL,2 days,Continuously,51-100,Yes,Public road,English,Synthetic initial dataset
VCGIS-0856,Please check near the playground. A wire is hanging very low and nearby homes are being affected. The problem has existed for 1 day.,ELECTRICITY,Broken/Low-Hanging Wire,CRITICAL,1 day,Continuously,21-50,Yes,Residential area,English,Synthetic initial dataset
VCGIS-0948,Wiring is visible near the roadside behind the local market 2 days. Shops and residents are facing disruption. The issue has been noticed by several nearby residents.,ELECTRICITY,Exposed Electrical Cable,CRITICAL,2 days,Continuously,21-50,Yes,Bus/transport area,English,Synthetic initial dataset
VCGIS-0634,I want to report the power is out near the main junction. It has been happening for 1 day. People are worried about electrical safety. Kindly arrange a field inspection and repair.,ELECTRICITY,Power Outage,CRITICAL,1 day,Continuously,More than 100,Yes,Bus/transport area,English,Synthetic initial dataset
VCGIS-0563,"The power is out near the public library. The issue has continued for 3 days, and people are worried about electrical safety. Residents are worried that someone could get hurt. Please inspect the issue and take necessary action.",ELECTRICITY,Power Outage,HIGH,3 days,Daily,51-100,No,Bus/transport area,English,Synthetic initial dataset
VCGIS-0525,I want to report the whole area has lost power near the college gate. It has been happening for 1 day. The area becomes difficult to use after dark. Please resolve the problem as soon as possible.,ELECTRICITY,Power Outage,MEDIUM,1 day,Occasionally,21-50,No,Market area,English,Synthetic initial dataset
VCGIS-1072,"Our taps are dry near the playground. It has continued for 5 days, and residents are having to arrange water from elsewhere. Residents have already tried reporting the issue locally. Please take appropriate corrective action.",WATER,No Water Supply,HIGH,5 days,Daily,51-100,No,College area,English,Synthetic initial dataset
VCGIS-0458,"The manhole cover is missing near the public library. It has been like this for 3 days, and riders are having to suddenly change direction. People have complained about the same spot before. Please take appropriate corrective action.",ROAD,Damaged Manhole,CRITICAL,3 days,Continuously,51-100,Yes,Village area,English,Synthetic initial dataset
VCGIS-1210,"The roadside pipe is leaking near the bus stop. It has continued for 4 days, and people are struggling with daily water needs. People are having to depend on alternative sources. Please take appropriate corrective action.",WATER,Pipeline Leakage,MEDIUM,4 days,Continuously,21-50,No,Bus/transport area,English,Synthetic initial dataset
VCGIS-0880,"A wire is hanging very low at the market junction. The issue has continued for 1 day, and nearby homes are being affected. There is no warning sign around the affected equipment. Please take appropriate corrective action.",ELECTRICITY,Broken/Low-Hanging Wire,CRITICAL,1 day,Continuously,21-50,Yes,Village area,English,Synthetic initial dataset
VCGIS-0479,I want to report an open manhole is present near the college gate. The problem has continued for 3 days. Traffic slows down around the location. Please resolve the problem as soon as possible.,ROAD,Damaged Manhole,CRITICAL,3 days,Continuously,51-100,Yes,Village area,English,Synthetic initial dataset
VCGIS-1174,Water comes with very low pressure close to the petrol bunk for 1 week. Residents are having to arrange water from elsewhere. People are having to depend on alternative sources.,WATER,Low Water Pressure,MEDIUM,1 week,Daily,21-50,No,Market area,English,Synthetic initial dataset
VCGIS-1429,"The water tank is overflowing behind the local market. It has continued for 2 weeks, and people are worried about using the water. The problem is becoming more frequent. Please resolve the problem as soon as possible.",WATER,Water Tank Problem,MEDIUM,2 weeks,Frequently,21-50,No,Residential area,English,Synthetic initial dataset
VCGIS-0390,There is a road issue near the village office: the footpath is broken. It happens frequently and has continued for 1 month. Pedestrians are being forced to move onto the road.,ROAD,Footpath Damage,MEDIUM,1 month,Frequently,21-50,No,Bus/transport area,English,Synthetic initial dataset
VCGIS-0910,I want to report a cable has lost its insulation beside the public park. It has been happening for 2 days. Visibility is poor in the evening. Kindly send a team to assess and fix the problem.,ELECTRICITY,Exposed Electrical Cable,CRITICAL,2 days,Continuously,21-50,Yes,Residential area,English,Synthetic initial dataset
VCGIS-1437,I want to report the local tank is not supplying water close to the railway station. The problem has been there for 2 weeks. People are worried about using the water. Please inspect the issue and take necessary action.,WATER,Water Tank Problem,MEDIUM,2 weeks,Frequently,21-50,No,Village area,English,Synthetic initial dataset
VCGIS-0017,Please check near the village office. Several potholes and two-wheelers are having difficulty using the stretch. This has been going on for 3 days. Please inspect the issue and take necessary action.,ROAD,Pothole,LOW,3 days,Occasionally,6-20,No,Village area,English,Synthetic initial dataset
VCGIS-0189,There is a road issue close to the railway station: a broken road stretch. It happens frequently and has continued for 2 weeks. Two-wheelers are having difficulty using the stretch.,ROAD,Road Damage,MEDIUM,2 weeks,Frequently,21-50,No,Market area,English,Synthetic initial dataset
VCGIS-0225,Near the community hall has cracks across the road. It has been happening for 2 months and riders are having to suddenly change direction. The problem gets worse when it rains.,ROAD,Road Damage,HIGH,2 months,Daily,51-100,Yes,Market area,English,Synthetic initial dataset
VCGIS-1262,The water pipeline has burst beside the temple for 1 day. Nearby families are affected. Residents have already tried reporting the issue locally.,WATER,Pipeline Burst,HIGH,1 day,Continuously,51-100,Yes,Village area,English,Synthetic initial dataset
VCGIS-0682,Please check close to the railway station. Several streetlights are off and visibility is poor in the evening. The problem has existed for 2 weeks.,ELECTRICITY,Streetlight Failure,MEDIUM,2 weeks,Daily,21-50,Yes,Residential area,English,Synthetic initial dataset
VCGIS-0879,"An electrical wire has come loose near the college gate. The issue has continued for 1 day, and the area becomes difficult to use after dark. There is no warning sign around the affected equipment. Please take appropriate corrective action.",ELECTRICITY,Broken/Low-Hanging Wire,CRITICAL,1 day,Continuously,21-50,Yes,Public road,English,Synthetic initial dataset
VCGIS-0773,I want to report the transformer has stopped working near the main junction. It has been happening for 1 day. People are worried about electrical safety. Please take appropriate corrective action.,ELECTRICITY,Transformer Problem,CRITICAL,1 day,Continuously,More than 100,Yes,College area,English,Synthetic initial dataset
VCGIS-0591,Beside the public park has an electricity problem: the whole area has lost power. The issue has been noticed by several nearby residents. Kindly arrange a field inspection and repair.,ELECTRICITY,Power Outage,HIGH,3 days,Daily,51-100,No,College area,English,Synthetic initial dataset
VCGIS-1334,"The local borewell is not supplying water in our residential layout. It has continued for 1 week, and several households are affected. The issue is particularly difficult for elderly residents. Kindly send a team to assess and fix the problem.",WATER,Borewell Failure,HIGH,1 week,Daily,51-100,No,Bus/transport area,English,Synthetic initial dataset
VCGIS-1494,I want to report people are reporting unsafe-looking drinking water beside the government school. The problem has been there for 2 days. Nearby families are affected. Please inspect the issue and take necessary action.,WATER,Water Contamination,CRITICAL,2 days,Continuously,51-100,Yes,Village area,English,Synthetic initial dataset
VCGIS-0133,I want to report deep potholes behind the local market. The problem has continued for 1 month. Riders are having to suddenly change direction. Kindly arrange a field inspection and repair.,ROAD,Pothole,HIGH,1 month,Daily,51-100,Yes,Bus/transport area,English,Synthetic initial dataset
VCGIS-0130,Please check behind the local market. A dangerous pothole and traffic slows down around the location. This has been going on for 1 month. Please resolve the problem as soon as possible.,ROAD,Pothole,HIGH,1 month,Daily,51-100,Yes,Village area,English,Synthetic initial dataset
VCGIS-0700,"Several streetlights are off near the playground. The issue has continued for 2 weeks, and visibility is poor in the evening. The fault appears to be getting worse. Please take appropriate corrective action.",ELECTRICITY,Streetlight Failure,MEDIUM,2 weeks,Daily,21-50,Yes,Public road,English,Synthetic initial dataset
VCGIS-0547,Please check in our residential layout. Electricity keeps going off and shops and residents are facing disruption. The problem has existed for 1 day.,ELECTRICITY,Power Outage,MEDIUM,1 day,Occasionally,21-50,No,Public road,English,Synthetic initial dataset
VCGIS-1194,I want to report only a small amount of water is coming near the community hall. The problem has been there for 1 week. The issue is disrupting normal household activities. Please inspect the issue and take necessary action.,WATER,Low Water Pressure,MEDIUM,1 week,Daily,21-50,No,Public road,English,Synthetic initial dataset
VCGIS-0894,Please check beside the temple. An electrical wire has come loose and shops and residents are facing disruption. The problem has existed for 1 day.,ELECTRICITY,Broken/Low-Hanging Wire,CRITICAL,1 day,Continuously,21-50,Yes,Bus/transport area,English,Synthetic initial dataset
VCGIS-0353,I want to report the footpath has become uneven near the playground. The problem has continued for 1 month. Traffic slows down around the location. Please resolve the problem as soon as possible.,ROAD,Footpath Damage,MEDIUM,1 month,Frequently,21-50,No,Market area,English,Synthetic initial dataset
VCGIS-0668,Close to the petrol bunk has an electricity problem: the lamp has stopped working. Residents are worried that someone could get hurt. Please resolve the problem as soon as possible.,ELECTRICITY,Streetlight Failure,HIGH,2 weeks,Daily,21-50,Yes,College area,English,Synthetic initial dataset
VCGIS-0763,Please check at the market junction. The transformer appears faulty and visibility is poor in the evening. The problem has existed for 1 day.,ELECTRICITY,Transformer Problem,CRITICAL,1 day,Continuously,More than 100,Yes,Market area,English,Synthetic initial dataset
VCGIS-1426,"The local tank is not supplying water in our residential layout. It has continued for 2 weeks, and nearby families are affected. The issue is particularly difficult for elderly residents. Please inspect the issue and take necessary action.",WATER,Water Tank Problem,MEDIUM,2 weeks,Frequently,21-50,No,Market area,English,Synthetic initial dataset
VCGIS-0117,In our residential layout has deep potholes. It has been happening for 1 month and riders are having to suddenly change direction. It is especially difficult to notice the damage at night.,ROAD,Pothole,HIGH,1 month,Daily,51-100,Yes,Market area,English,Synthetic initial dataset
VCGIS-0598,"The whole area has lost power beside the public park. The issue has continued for 3 days, and people are worried about electrical safety. The problem is worse after sunset. Please take appropriate corrective action.",ELECTRICITY,Power Outage,HIGH,3 days,Daily,51-100,No,Bus/transport area,English,Synthetic initial dataset
VCGIS-1076,"Water has stopped coming in our residential layout. It has continued for 5 days, and people are struggling with daily water needs. The issue is particularly difficult for elderly residents. Please take appropriate corrective action.",WATER,No Water Supply,HIGH,5 days,Daily,51-100,No,Market area,English,Synthetic initial dataset
VCGIS-0381,Near the hospital has the footpath has become uneven. It has been happening for 1 month and pedestrians are being forced to move onto the road. People have complained about the same spot before.,ROAD,Footpath Damage,MEDIUM,1 month,Frequently,21-50,No,Residential area,English,Synthetic initial dataset
VCGIS-0067,"A dangerous pothole near the apartment entrance. It has been like this for 2 weeks, and riders are having to suddenly change direction. People have complained about the same spot before. Kindly send a team to assess and fix the problem.",ROAD,Pothole,MEDIUM,2 weeks,Frequently,21-50,No,Residential area,English,Synthetic initial dataset
VCGIS-1197,Please check near the hospital. Only a small amount of water is coming and nearby families are affected. This has been happening for 1 week.,WATER,Low Water Pressure,MEDIUM,1 week,Daily,21-50,No,Bus/transport area,English,Synthetic initial dataset
VCGIS-0771,I want to report the transformer is making a loud noise near the village office. It has been happening for 1 day. Several households are affected. Please resolve the problem as soon as possible.,ELECTRICITY,Transformer Problem,CRITICAL,1 day,Continuously,More than 100,Yes,Residential area,English,Synthetic initial dataset
VCGIS-0224,Please check beside the government school. A broken road stretch and children and older people are finding it difficult to cross. This has been going on for 2 months. Kindly send a team to assess and fix the problem.,ROAD,Road Damage,HIGH,2 months,Daily,51-100,Yes,Residential area,English,Synthetic initial dataset
VCGIS-0708,Near the playground has an electricity problem: the transformer appears faulty. The fault appears to be getting worse. Kindly send a team to assess and fix the problem.,ELECTRICITY,Transformer Problem,HIGH,2 days,Frequently,51-100,Yes,Bus/transport area,English,Synthetic initial dataset
VCGIS-0960,I want to report there are repeated sparks near the connection near the public library. It has been happening for 1 day. People are worried about electrical safety. Please inspect the issue and take necessary action.,ELECTRICITY,Sparking,CRITICAL,1 day,Frequently,21-50,Yes,Bus/transport area,English,Synthetic initial dataset
VCGIS-1099,"Water has stopped coming near the main junction. It has continued for 5 days, and several households are affected. The problem is becoming more frequent. Kindly send a team to assess and fix the problem.",WATER,No Water Supply,HIGH,5 days,Daily,51-100,No,Residential area,English,Synthetic initial dataset
VCGIS-1247,"The roadside pipe is leaking near the playground. It has continued for 4 days, and the issue is disrupting normal household activities. Several houses have reported the same problem. Please inspect the issue and take necessary action.",WATER,Pipeline Leakage,MEDIUM,4 days,Continuously,21-50,No,Bus/transport area,English,Synthetic initial dataset
VCGIS-0299,I want to report a section of the road has given way near the apartment entrance. The problem has continued for 1 day. Vehicles are struggling to pass. Kindly send a team to assess and fix the problem.,ROAD,Road Collapse,CRITICAL,1 day,Continuously,More than 100,Yes,Village area,English,Synthetic initial dataset
VCGIS-1279,A main pipe has broken near the bus stop for 1 day. Residents are having to arrange water from elsewhere. Several houses have reported the same problem.,WATER,Pipeline Burst,HIGH,1 day,Continuously,51-100,Yes,Market area,English,Synthetic initial dataset
VCGIS-0922,Close to the petrol bunk has an electricity problem: an electrical cable is exposed. There is no warning sign around the affected equipment. Please inspect the issue and take necessary action.,ELECTRICITY,Exposed Electrical Cable,CRITICAL,2 days,Continuously,21-50,Yes,Residential area,English,Synthetic initial dataset
VCGIS-1135,I want to report the street has no water beside the temple. The problem has been there for 7 days. Residents are having to arrange water from elsewhere. Please inspect the issue and take necessary action.,WATER,No Water Supply,HIGH,7 days,Continuously,More than 100,Yes,Residential area,English,Synthetic initial dataset
VCGIS-0979,The pole is producing sparks near the public library 1 day. Nearby homes are being affected. Residents are worried that someone could get hurt.,ELECTRICITY,Sparking,CRITICAL,1 day,Frequently,21-50,Yes,Residential area,English,Synthetic initial dataset
VCGIS-0392,I want to report part of the footpath is missing near the public library. The problem has continued for 1 month. Two-wheelers are having difficulty using the stretch. Kindly arrange a field inspection and repair.,ROAD,Footpath Damage,MEDIUM,1 month,Frequently,21-50,No,Bus/transport area,English,Synthetic initial dataset
VCGIS-0268,"The roadside has caved in near the public library. It has been like this for 1 day, and vehicles are struggling to pass. It is especially difficult to notice the damage at night. Please resolve the problem as soon as possible.",ROAD,Road Collapse,HIGH,1 day,Continuously,More than 100,Yes,Bus/transport area,English,Synthetic initial dataset
VCGIS-0065,I want to report deep potholes at the market junction. The problem has continued for 2 weeks. Traffic slows down around the location. The concerned department should check this location.,ROAD,Pothole,MEDIUM,2 weeks,Frequently,21-50,No,Market area,English,Synthetic initial dataset
VCGIS-0307,There is a road issue in our residential layout: rainwater is covering the road. It happens daily and has continued for 1 week. Pedestrians are being forced to move onto the road.,ROAD,Waterlogged Road,HIGH,1 week,Daily,51-100,Yes,Bus/transport area,English,Synthetic initial dataset
VCGIS-1013,Our taps are dry near the college gate for 2 days. Residents are having to arrange water from elsewhere. The problem is becoming more frequent.,WATER,No Water Supply,MEDIUM,2 days,Daily,21-50,No,College area,English,Synthetic initial dataset
VCGIS-1387,The water pump is not working near the community hall for 3 days. Residents are having to arrange water from elsewhere. People are having to depend on alternative sources.,WATER,Pump Failure,HIGH,3 days,Daily,51-100,No,Bus/transport area,English,Synthetic initial dataset
VCGIS-1477,Please check near the community hall. People are reporting unsafe-looking drinking water and the issue is disrupting normal household activities. This has been happening for 2 days.,WATER,Water Contamination,CRITICAL,2 days,Continuously,51-100,Yes,Village area,English,Synthetic initial dataset
VCGIS-0543,Please check beside the government school. Electricity keeps going off and shops and residents are facing disruption. The problem has existed for 1 day.,ELECTRICITY,Power Outage,MEDIUM,1 day,Occasionally,21-50,No,College area,English,Synthetic initial dataset
VCGIS-0765,The transformer has stopped working near the bus stop 1 day. Nearby homes are being affected. The problem is worse after sunset.,ELECTRICITY,Transformer Problem,CRITICAL,1 day,Continuously,More than 100,Yes,Residential area,English,Synthetic initial dataset
VCGIS-0344,Please check near the bus stop. Rainwater is covering the road and traffic slows down around the location. This has been going on for 1 week. Please inspect the issue and take necessary action.,ROAD,Waterlogged Road,HIGH,1 week,Daily,51-100,Yes,Village area,English,Synthetic initial dataset
VCGIS-1167,Please check near the community hall. Water pressure is very low and residents are having to arrange water from elsewhere. This has been happening for 1 week.,WATER,Low Water Pressure,MEDIUM,1 week,Daily,21-50,No,Public road,English,Synthetic initial dataset
VCGIS-0078,I want to report a dangerous pothole behind the local market. The problem has continued for 2 weeks. Children and older people are finding it difficult to cross. Kindly send a team to assess and fix the problem.,ROAD,Pothole,MEDIUM,2 weeks,Frequently,21-50,No,Market area,English,Synthetic initial dataset
VCGIS-0626,I want to report electricity keeps going off at the market junction. It has been happening for 1 day. Visibility is poor in the evening. Please resolve the problem as soon as possible.,ELECTRICITY,Power Outage,CRITICAL,1 day,Continuously,More than 100,Yes,Bus/transport area,English,Synthetic initial dataset
VCGIS-1360,Near the college gate has a water problem: the water pump is not working. The problem is becoming more frequent. Please take appropriate corrective action.,WATER,Pump Failure,HIGH,3 days,Daily,51-100,No,College area,English,Synthetic initial dataset
VCGIS-1465,Please check close to the railway station. People are reporting unsafe-looking drinking water and several households are affected. This has been happening for 2 days.,WATER,Water Contamination,CRITICAL,2 days,Continuously,51-100,Yes,Market area,English,Synthetic initial dataset
VCGIS-1216,I want to report water is leaking from the main pipe beside the public park. The problem has been there for 4 days. Several households are affected. Please inspect the issue and take necessary action.,WATER,Pipeline Leakage,MEDIUM,4 days,Continuously,21-50,No,Public road,English,Synthetic initial dataset
VCGIS-0388,"The footpath has become uneven close to the petrol bunk. It has been like this for 1 month, and children and older people are finding it difficult to cross. It is especially difficult to notice the damage at night. The concerned department should check this location.",ROAD,Footpath Damage,MEDIUM,1 month,Frequently,21-50,No,Village area,English,Synthetic initial dataset
VCGIS-0464,There is a road issue beside the government school: the manhole cover is broken. It happens continuously and has continued for 3 days. Two-wheelers are having difficulty using the stretch.,ROAD,Damaged Manhole,CRITICAL,3 days,Continuously,51-100,Yes,Public road,English,Synthetic initial dataset
VCGIS-0714,The transformer appears faulty behind the local market 2 days. Nearby homes are being affected. The fault appears to be getting worse.,ELECTRICITY,Transformer Problem,HIGH,2 days,Frequently,51-100,Yes,Bus/transport area,English,Synthetic initial dataset
VCGIS-0569,I want to report there is no electricity beside the government school. It has been happening for 3 days. Visibility is poor in the evening. Please inspect the issue and take necessary action.,ELECTRICITY,Power Outage,HIGH,3 days,Daily,51-100,No,Bus/transport area,English,Synthetic initial dataset
VCGIS-1242,"Water is leaking from the main pipe close to the railway station. It has continued for 4 days, and people are worried about using the water. People are having to depend on alternative sources. Please take appropriate corrective action.",WATER,Pipeline Leakage,MEDIUM,4 days,Continuously,21-50,No,College area,English,Synthetic initial dataset
VCGIS-0228,There is a road issue near the apartment entrance: cracks across the road. It happens daily and has continued for 2 months. Two-wheelers are having difficulty using the stretch.,ROAD,Road Damage,HIGH,2 months,Daily,51-100,Yes,Residential area,English,Synthetic initial dataset
VCGIS-0105,I want to report a large pothole near the bus stop. The problem has continued for 1 month. Two-wheelers are having difficulty using the stretch. Kindly send a team to assess and fix the problem.,ROAD,Pothole,HIGH,1 month,Daily,51-100,Yes,Market area,English,Synthetic initial dataset
VCGIS-0318,Please check near the college gate. The road stays flooded after rain and vehicles are struggling to pass. This has been going on for 1 week. Please take appropriate corrective action.,ROAD,Waterlogged Road,CRITICAL,1 week,Daily,51-100,Yes,Village area,English,Synthetic initial dataset
VCGIS-0165,"Cracks across the road close to the petrol bunk. It has been like this for 2 weeks, and riders are having to suddenly change direction. People have complained about the same spot before. Please take appropriate corrective action.",ROAD,Road Damage,MEDIUM,2 weeks,Frequently,21-50,No,Bus/transport area,English,Synthetic initial dataset
VCGIS-1029,"Water has stopped coming behind the local market. It has continued for 2 days, and residents are having to arrange water from elsewhere. The issue is particularly difficult for elderly residents. The concerned department should check this location.",WATER,No Water Supply,MEDIUM,2 days,Daily,21-50,No,Residential area,English,Synthetic initial dataset
VCGIS-0698,Near the bus stop has an electricity problem: the street is dark because the light is off. The fault appears to be getting worse. The concerned department should check this location.,ELECTRICITY,Streetlight Failure,MEDIUM,2 weeks,Daily,21-50,Yes,Bus/transport area,English,Synthetic initial dataset
VCGIS-0898,A cable is hanging near pedestrians near the public library 1 day. Shops and residents are facing disruption. The issue has been noticed by several nearby residents.,ELECTRICITY,Broken/Low-Hanging Wire,CRITICAL,1 day,Continuously,21-50,Yes,Village area,English,Synthetic initial dataset
VCGIS-1077,Please check near the hospital. Our taps are dry and nearby families are affected. This has been happening for 5 days.,WATER,No Water Supply,HIGH,5 days,Daily,51-100,No,College area,English,Synthetic initial dataset
VCGIS-0402,There is a road issue near the bus stop: the speed breaker has a sharp broken edge. It happens frequently and has continued for 2 weeks. Riders are having to suddenly change direction.,ROAD,Damaged Speed Breaker,HIGH,2 weeks,Frequently,21-50,Yes,Public road,English,Synthetic initial dataset
VCGIS-0920,Please check close to the railway station. A cable has lost its insulation and the area becomes difficult to use after dark. The problem has existed for 2 days.,ELECTRICITY,Exposed Electrical Cable,CRITICAL,2 days,Continuously,21-50,Yes,Village area,English,Synthetic initial dataset
VCGIS-0112,"Deep potholes near the village office. It has been like this for 1 month, and vehicles are struggling to pass. There is no warning sign around the damaged section. Please resolve the problem as soon as possible.",ROAD,Pothole,HIGH,1 month,Daily,51-100,Yes,Bus/transport area,English,Synthetic initial dataset
VCGIS-0498,Please check beside the public park. The manhole cover is broken and children and older people are finding it difficult to cross. This has been going on for 3 days. Kindly send a team to assess and fix the problem.,ROAD,Damaged Manhole,CRITICAL,3 days,Continuously,51-100,Yes,College area,English,Synthetic initial dataset
VCGIS-0985,Please check near the hospital. There are repeated sparks near the connection and nearby homes are being affected. The problem has existed for 1 day.,ELECTRICITY,Sparking,HIGH,1 day,Frequently,21-50,Yes,College area,English,Synthetic initial dataset
VCGIS-1128,I want to report water has stopped coming near the main junction. The problem has been there for 7 days. People are struggling with daily water needs. Kindly send a team to assess and fix the problem.,WATER,No Water Supply,CRITICAL,7 days,Continuously,More than 100,Yes,Village area,English,Synthetic initial dataset
VCGIS-1226,The roadside pipe is leaking beside the government school for 4 days. Residents are having to arrange water from elsewhere. The issue is particularly difficult for elderly residents.,WATER,Pipeline Leakage,MEDIUM,4 days,Continuously,21-50,No,Market area,English,Synthetic initial dataset
VCGIS-0306,"Rainwater is covering the road close to the railway station. It has been like this for 1 week, and traffic slows down around the location. A two-wheeler nearly lost balance there recently. Kindly arrange a field inspection and repair.",ROAD,Waterlogged Road,HIGH,1 week,Daily,51-100,Yes,Bus/transport area,English,Synthetic initial dataset
VCGIS-0191,Near the playground has a badly damaged road surface. It has been happening for 2 weeks and vehicles are struggling to pass. A two-wheeler nearly lost balance there recently.,ROAD,Road Damage,MEDIUM,2 weeks,Frequently,21-50,No,Bus/transport area,English,Synthetic initial dataset
VCGIS-0351,Beside the public park has part of the footpath is missing. It has been happening for 1 month and children and older people are finding it difficult to cross. The problem gets worse when it rains.,ROAD,Footpath Damage,HIGH,1 month,Frequently,21-50,No,Village area,English,Synthetic initial dataset
VCGIS-1481,Close to the railway station has a water problem: the tap water has a bad smell. The problem is becoming more frequent. Kindly send a team to assess and fix the problem.,WATER,Water Contamination,CRITICAL,2 days,Continuously,51-100,Yes,College area,English,Synthetic initial dataset
VCGIS-0556,"The whole area has lost power at the market junction. The issue has continued for 3 days, and people are worried about electrical safety. The issue has been noticed by several nearby residents. Please resolve the problem as soon as possible.",ELECTRICITY,Power Outage,HIGH,3 days,Daily,51-100,No,Market area,English,Synthetic initial dataset
VCGIS-1364,Near the community hall has a water problem: the pump appears to have failed. Residents have already tried reporting the issue locally. Kindly arrange a field inspection and repair.,WATER,Pump Failure,HIGH,3 days,Daily,51-100,No,Bus/transport area,English,Synthetic initial dataset
VCGIS-0883,A wire is hanging very low near the community hall 1 day. Visibility is poor in the evening. There is no warning sign around the affected equipment.,ELECTRICITY,Broken/Low-Hanging Wire,CRITICAL,1 day,Continuously,21-50,Yes,Bus/transport area,English,Synthetic initial dataset
VCGIS-0558,Near the public library has an electricity problem: the power is out. The issue has been noticed by several nearby residents. The concerned department should check this location.,ELECTRICITY,Power Outage,HIGH,3 days,Daily,51-100,No,Public road,English,Synthetic initial dataset
VCGIS-1020,Beside the public park has a water problem: our taps are dry. Several houses have reported the same problem. Please take appropriate corrective action.,WATER,No Water Supply,MEDIUM,2 days,Daily,21-50,No,Public road,English,Synthetic initial dataset
VCGIS-0269,Near the public library has part of the road has collapsed. It has been happening for 1 day and two-wheelers are having difficulty using the stretch. It is especially difficult to notice the damage at night.,ROAD,Road Collapse,CRITICAL,1 day,Continuously,More than 100,Yes,Bus/transport area,English,Synthetic initial dataset
VCGIS-0896,Behind the local market has an electricity problem: a cable is hanging near pedestrians. There is no warning sign around the affected equipment. Please resolve the problem as soon as possible.,ELECTRICITY,Broken/Low-Hanging Wire,CRITICAL,1 day,Continuously,21-50,Yes,Residential area,English,Synthetic initial dataset
VCGIS-0601,The power is out near the apartment entrance 1 day. Nearby homes are being affected. The problem is worse after sunset.,ELECTRICITY,Power Outage,HIGH,1 day,Continuously,More than 100,Yes,College area,English,Synthetic initial dataset
VCGIS-0711,Beside the public park has an electricity problem: the transformer has stopped working. Residents are worried that someone could get hurt. Kindly arrange a field inspection and repair.,ELECTRICITY,Transformer Problem,HIGH,2 days,Frequently,51-100,Yes,College area,English,Synthetic initial dataset
VCGIS-1091,Our taps are dry near the main junction for 5 days. People are struggling with daily water needs. Several houses have reported the same problem.,WATER,No Water Supply,HIGH,5 days,Daily,51-100,No,College area,English,Synthetic initial dataset
VCGIS-0666,Please check beside the temple. The streetlight is not working and the area becomes difficult to use after dark. The problem has existed for 2 weeks.,ELECTRICITY,Streetlight Failure,MEDIUM,2 weeks,Daily,21-50,Yes,Village area,English,Synthetic initial dataset
VCGIS-0088,Near the village office has several potholes. It has been happening for 2 weeks and vehicles are struggling to pass. It is especially difficult to notice the damage at night.,ROAD,Pothole,MEDIUM,2 weeks,Frequently,21-50,No,Public road,English,Synthetic initial dataset
VCGIS-0023,Near the hospital has several potholes. It has been happening for 3 days and two-wheelers are having difficulty using the stretch. A two-wheeler nearly lost balance there recently.,ROAD,Pothole,LOW,3 days,Occasionally,6-20,No,Village area,English,Synthetic initial dataset
VCGIS-1354,Please check near the public library. The pumping system is down and people are worried about using the water. This has been happening for 3 days.,WATER,Pump Failure,HIGH,3 days,Daily,51-100,No,Village area,English,Synthetic initial dataset
VCGIS-0434,I want to report the speed breaker has a sharp broken edge beside the government school. The problem has continued for 2 weeks. Riders are having to suddenly change direction. Kindly send a team to assess and fix the problem.,ROAD,Damaged Speed Breaker,HIGH,2 weeks,Frequently,21-50,Yes,Village area,English,Synthetic initial dataset
VCGIS-1019,"Our taps are dry beside the government school. It has continued for 2 days, and the issue is disrupting normal household activities. Several houses have reported the same problem. The concerned department should check this location.",WATER,No Water Supply,MEDIUM,2 days,Daily,21-50,No,College area,English,Synthetic initial dataset
VCGIS-1067,"Water has stopped coming in our residential layout. It has continued for 5 days, and nearby families are affected. People are having to depend on alternative sources. The concerned department should check this location.",WATER,No Water Supply,HIGH,5 days,Daily,51-100,No,Residential area,English,Synthetic initial dataset
VCGIS-0335,I want to report the road is badly waterlogged near the village office. The problem has continued for 1 week. Two-wheelers are having difficulty using the stretch. Please take appropriate corrective action.,ROAD,Waterlogged Road,CRITICAL,1 week,Daily,51-100,Yes,College area,English,Synthetic initial dataset
VCGIS-0365,Please check on the main road. The footpath has become uneven and traffic slows down around the location. This has been going on for 1 month. Please resolve the problem as soon as possible.,ROAD,Footpath Damage,MEDIUM,1 month,Frequently,21-50,No,College area,English,Synthetic initial dataset
VCGIS-1162,Only a small amount of water is coming near the bus stop for 1 week. The issue is disrupting normal household activities. Residents have already tried reporting the issue locally.,WATER,Low Water Pressure,MEDIUM,1 week,Daily,21-50,No,Village area,English,Synthetic initial dataset
VCGIS-1388,The pumping system is down beside the public park for 3 days. Residents are having to arrange water from elsewhere. The issue is particularly difficult for elderly residents.,WATER,Pump Failure,HIGH,3 days,Daily,51-100,No,Market area,English,Synthetic initial dataset
VCGIS-0689,Please check at the market junction. The lamp has stopped working and people are worried about electrical safety. The problem has existed for 2 weeks.,ELECTRICITY,Streetlight Failure,MEDIUM,2 weeks,Daily,21-50,Yes,Bus/transport area,English,Synthetic initial dataset
VCGIS-1402,Close to the petrol bunk has a water problem: the water tank is not filling. Residents have already tried reporting the issue locally. Kindly arrange a field inspection and repair.,WATER,Water Tank Problem,MEDIUM,2 weeks,Frequently,21-50,No,College area,English,Synthetic initial dataset
VCGIS-0809,Near the public library has an electricity problem: the electric pole is leaning. Residents are worried that someone could get hurt. Please resolve the problem as soon as possible.,ELECTRICITY,Electrical Pole Damage,HIGH,3 days,Continuously,51-100,Yes,Village area,English,Synthetic initial dataset
VCGIS-0745,I want to report the transformer appears faulty beside the public park. It has been happening for 2 days. Visibility is poor in the evening. Please resolve the problem as soon as possible.,ELECTRICITY,Transformer Problem,HIGH,2 days,Frequently,51-100,Yes,Market area,English,Synthetic initial dataset
VCGIS-0986,Please check near the public library. Sparks are coming from the electrical equipment and visibility is poor in the evening. The problem has existed for 1 day.,ELECTRICITY,Sparking,CRITICAL,1 day,Frequently,21-50,Yes,Village area,English,Synthetic initial dataset
VCGIS-0583,Please check near the community hall. The whole area has lost power and nearby homes are being affected. The problem has existed for 3 days.,ELECTRICITY,Power Outage,HIGH,3 days,Daily,51-100,No,Market area,English,Synthetic initial dataset
VCGIS-0110,There is a road issue at the market junction: a dangerous pothole. It happens daily and has continued for 1 month. Children and older people are finding it difficult to cross.,ROAD,Pothole,HIGH,1 month,Daily,51-100,Yes,Market area,English,Synthetic initial dataset
VCGIS-1253,Please check in our residential layout. A main pipe has broken and several households are affected. This has been happening for 1 day.,WATER,Pipeline Burst,HIGH,1 day,Continuously,51-100,Yes,College area,English,Synthetic initial dataset
VCGIS-0035,"Several potholes near the playground. It has been like this for 3 days, and pedestrians are being forced to move onto the road. There is no warning sign around the damaged section. Please resolve the problem as soon as possible.",ROAD,Pothole,MEDIUM,3 days,Occasionally,6-20,No,College area,English,Synthetic initial dataset
VCGIS-0429,There is a road issue beside the temple: the speed breaker is badly damaged. It happens frequently and has continued for 2 weeks. Traffic slows down around the location.,ROAD,Damaged Speed Breaker,HIGH,2 weeks,Frequently,21-50,Yes,Bus/transport area,English,Synthetic initial dataset
VCGIS-0545,Beside the government school has an electricity problem: there is no electricity. There is no warning sign around the affected equipment. Please resolve the problem as soon as possible.,ELECTRICITY,Power Outage,MEDIUM,1 day,Occasionally,21-50,No,Village area,English,Synthetic initial dataset
VCGIS-0518,"The power is out beside the government school. The issue has continued for 1 day, and the area becomes difficult to use after dark. There is no warning sign around the affected equipment. The concerned department should check this location.",ELECTRICITY,Power Outage,HIGH,1 day,Occasionally,21-50,No,Public road,English,Synthetic initial dataset
VCGIS-1375,I want to report the water pump is not working close to the railway station. The problem has been there for 3 days. The issue is disrupting normal household activities. Kindly send a team to assess and fix the problem.,WATER,Pump Failure,HIGH,3 days,Daily,51-100,No,Public road,English,Synthetic initial dataset
VCGIS-1419,I want to report the water tank is overflowing near the playground. The problem has been there for 2 weeks. Several households are affected. Please resolve the problem as soon as possible.,WATER,Water Tank Problem,MEDIUM,2 weeks,Frequently,21-50,No,Market area,English,Synthetic initial dataset
VCGIS-0376,Please check at the market junction. The footpath is broken and children and older people are finding it difficult to cross. This has been going on for 1 month. The concerned department should check this location.,ROAD,Footpath Damage,MEDIUM,1 month,Frequently,21-50,No,Village area,English,Synthetic initial dataset
VCGIS-1084,"The street has no water near the main junction. It has continued for 5 days, and people are struggling with daily water needs. People are having to depend on alternative sources. Please inspect the issue and take necessary action.",WATER,No Water Supply,HIGH,5 days,Daily,51-100,No,Village area,English,Synthetic initial dataset
VCGIS-0988,Please check near the college gate. There are repeated sparks near the connection and visibility is poor in the evening. The problem has existed for 1 day.,ELECTRICITY,Sparking,CRITICAL,1 day,Frequently,21-50,Yes,Village area,English,Synthetic initial dataset
VCGIS-1140,The street has no water near the apartment entrance for 7 days. Residents are having to arrange water from elsewhere. Residents have already tried reporting the issue locally.,WATER,No Water Supply,CRITICAL,7 days,Continuously,More than 100,Yes,Village area,English,Synthetic initial dataset
VCGIS-1344,I want to report the borewell is not working near the public library. The problem has been there for 1 week. People are struggling with daily water needs. Please inspect the issue and take necessary action.,WATER,Borewell Failure,HIGH,1 week,Daily,51-100,No,Bus/transport area,English,Synthetic initial dataset
VCGIS-0604,Electricity keeps going off near the playground 1 day. Visibility is poor in the evening. There is no warning sign around the affected equipment.,ELECTRICITY,Power Outage,CRITICAL,1 day,Continuously,More than 100,Yes,Market area,English,Synthetic initial dataset
VCGIS-0218,I want to report uneven asphalt behind the local market. The problem has continued for 2 months. Traffic slows down around the location. Please inspect the issue and take necessary action.,ROAD,Road Damage,CRITICAL,2 months,Daily,51-100,Yes,Market area,English,Synthetic initial dataset
VCGIS-0242,Please check behind the local market. A badly damaged road surface and children and older people are finding it difficult to cross. This has been going on for 2 months. Kindly send a team to assess and fix the problem.,ROAD,Road Damage,HIGH,2 months,Daily,51-100,Yes,College area,English,Synthetic initial dataset
VCGIS-0667,"The streetlight is not working in our residential layout. The issue has continued for 2 weeks, and visibility is poor in the evening. There is no warning sign around the affected equipment. Please inspect the issue and take necessary action.",ELECTRICITY,Streetlight Failure,MEDIUM,2 weeks,Daily,21-50,Yes,Market area,English,Synthetic initial dataset
VCGIS-0232,Please check near the bus stop. Cracks across the road and two-wheelers are having difficulty using the stretch. This has been going on for 2 months. Kindly arrange a field inspection and repair.,ROAD,Road Damage,HIGH,2 months,Daily,51-100,Yes,Village area,English,Synthetic initial dataset
VCGIS-0101,Please check near the main junction. A large pothole and vehicles are struggling to pass. This has been going on for 1 month. Kindly arrange a field inspection and repair.,ROAD,Pothole,CRITICAL,1 month,Daily,51-100,Yes,Residential area,English,Synthetic initial dataset
VCGIS-1321,Near the playground has a water problem: the borewell pump has stopped. The issue is particularly difficult for elderly residents. The concerned department should check this location.,WATER,Borewell Failure,HIGH,1 week,Daily,51-100,No,Public road,English,Synthetic initial dataset
VCGIS-0171,Near the college gate has a broken road stretch. It has been happening for 2 weeks and children and older people are finding it difficult to cross. A two-wheeler nearly lost balance there recently.,ROAD,Road Damage,MEDIUM,2 weeks,Frequently,21-50,No,Market area,English,Synthetic initial dataset
VCGIS-0031,On the main road has several potholes. It has been happening for 3 days and vehicles are struggling to pass. People have complained about the same spot before.,ROAD,Pothole,LOW,3 days,Occasionally,6-20,No,Public road,English,Synthetic initial dataset
VCGIS-0313,Please check near the playground. The road is badly waterlogged and two-wheelers are having difficulty using the stretch. This has been going on for 1 week. Please resolve the problem as soon as possible.,ROAD,Waterlogged Road,HIGH,1 week,Daily,51-100,Yes,Bus/transport area,English,Synthetic initial dataset
VCGIS-1111,"Our taps are dry at the market junction. It has continued for 7 days, and the issue is disrupting normal household activities. People are having to depend on alternative sources. Please inspect the issue and take necessary action.",WATER,No Water Supply,CRITICAL,7 days,Continuously,More than 100,Yes,Residential area,English,Synthetic initial dataset
VCGIS-0643,At the market junction has an electricity problem: the power is out. The problem is worse after sunset. Please take appropriate corrective action.,ELECTRICITY,Power Outage,CRITICAL,1 day,Continuously,More than 100,Yes,College area,English,Synthetic initial dataset
VCGIS-0288,"A section of the road has given way in our residential layout. It has been like this for 1 day, and vehicles are struggling to pass. There is no warning sign around the damaged section. Please resolve the problem as soon as possible.",ROAD,Road Collapse,CRITICAL,1 day,Continuously,More than 100,Yes,Village area,English,Synthetic initial dataset
VCGIS-1185,"The tap flow is weak at the market junction. It has continued for 1 week, and residents are having to arrange water from elsewhere. Several houses have reported the same problem. Please resolve the problem as soon as possible.",WATER,Low Water Pressure,HIGH,1 week,Daily,21-50,No,Residential area,English,Synthetic initial dataset
VCGIS-0848,The pole has visible cracks behind the local market 3 days. The area becomes difficult to use after dark. There is no warning sign around the affected equipment.,ELECTRICITY,Electrical Pole Damage,HIGH,3 days,Continuously,51-100,Yes,Residential area,English,Synthetic initial dataset
VCGIS-1274,The supply pipe has burst near the playground for 1 day. Nearby families are affected. People are having to depend on alternative sources.,WATER,Pipeline Burst,HIGH,1 day,Continuously,51-100,Yes,Village area,English,Synthetic initial dataset
VCGIS-1025,"There is no water supply close to the railway station. It has continued for 2 days, and the issue is disrupting normal household activities. People are having to depend on alternative sources. Please resolve the problem as soon as possible.",WATER,No Water Supply,MEDIUM,2 days,Daily,21-50,No,College area,English,Synthetic initial dataset
VCGIS-1425,Close to the petrol bunk has a water problem: the water tank is overflowing. People are having to depend on alternative sources. The concerned department should check this location.,WATER,Water Tank Problem,MEDIUM,2 weeks,Frequently,21-50,No,Bus/transport area,English,Synthetic initial dataset
VCGIS-0064,On the main road has a dangerous pothole. It has been happening for 2 weeks and children and older people are finding it difficult to cross. The problem gets worse when it rains.,ROAD,Pothole,MEDIUM,2 weeks,Frequently,21-50,No,Village area,English,Synthetic initial dataset
VCGIS-1417,"The community tank is damaged near the apartment entrance. It has continued for 2 weeks, and nearby families are affected. Several houses have reported the same problem. Kindly arrange a field inspection and repair.",WATER,Water Tank Problem,MEDIUM,2 weeks,Frequently,21-50,No,Bus/transport area,English,Synthetic initial dataset
VCGIS-0013,Near the hospital has a dangerous pothole. It has been happening for 3 days and children and older people are finding it difficult to cross. It is especially difficult to notice the damage at night.,ROAD,Pothole,LOW,3 days,Occasionally,6-20,No,College area,English,Synthetic initial dataset
VCGIS-0362,There is a road issue beside the public park: pavement tiles are damaged. It happens frequently and has continued for 1 month. Vehicles are struggling to pass.,ROAD,Footpath Damage,MEDIUM,1 month,Frequently,21-50,No,Market area,English,Synthetic initial dataset
VCGIS-0091,"Deep potholes near the hospital. It has been like this for 2 weeks, and pedestrians are being forced to move onto the road. There is no warning sign around the damaged section. Please inspect the issue and take necessary action.",ROAD,Pothole,MEDIUM,2 weeks,Frequently,21-50,No,Village area,English,Synthetic initial dataset
VCGIS-1474,The tap water has a bad smell close to the railway station for 2 days. People are struggling with daily water needs. Residents have already tried reporting the issue locally.,WATER,Water Contamination,CRITICAL,2 days,Continuously,51-100,Yes,Residential area,English,Synthetic initial dataset
VCGIS-0774,The transformer is making a loud noise on the main road 1 day. Nearby homes are being affected. The issue has been noticed by several nearby residents.,ELECTRICITY,Transformer Problem,CRITICAL,1 day,Continuously,More than 100,Yes,Market area,English,Synthetic initial dataset
VCGIS-1046,"The street has no water at the market junction. It has continued for 2 days, and residents are having to arrange water from elsewhere. Several houses have reported the same problem. Kindly send a team to assess and fix the problem.",WATER,No Water Supply,MEDIUM,2 days,Daily,21-50,No,Public road,English,Synthetic initial dataset
VCGIS-0821,Close to the petrol bunk has an electricity problem: the pole looks unstable. The issue has been noticed by several nearby residents. Kindly arrange a field inspection and repair.,ELECTRICITY,Electrical Pole Damage,HIGH,3 days,Continuously,51-100,Yes,Residential area,English,Synthetic initial dataset
VCGIS-0466,I want to report the manhole cover is broken close to the railway station. The problem has continued for 3 days. Children and older people are finding it difficult to cross. Please resolve the problem as soon as possible.,ROAD,Damaged Manhole,CRITICAL,3 days,Continuously,51-100,Yes,Bus/transport area,English,Synthetic initial dataset
VCGIS-0958,I want to report the transformer is sparking behind the local market. It has been happening for 1 day. Visibility is poor in the evening. Kindly arrange a field inspection and repair.,ELECTRICITY,Sparking,CRITICAL,1 day,Frequently,21-50,Yes,Bus/transport area,English,Synthetic initial dataset
VCGIS-0394,Behind the local market has pavement tiles are damaged. It has been happening for 1 month and traffic slows down around the location. It is especially difficult to notice the damage at night.,ROAD,Footpath Damage,MEDIUM,1 month,Frequently,21-50,No,Public road,English,Synthetic initial dataset
VCGIS-0995,Behind the local market has an electricity problem: the transformer is sparking. The issue has been noticed by several nearby residents. Please take appropriate corrective action.,ELECTRICITY,Sparking,CRITICAL,1 day,Frequently,21-50,Yes,Village area,English,Synthetic initial dataset
VCGIS-0367,Please check near the apartment entrance. Part of the footpath is missing and children and older people are finding it difficult to cross. This has been going on for 1 month. Please resolve the problem as soon as possible.,ROAD,Footpath Damage,MEDIUM,1 month,Frequently,21-50,No,Bus/transport area,English,Synthetic initial dataset
VCGIS-0882,Beside the public park has an electricity problem: an electrical wire has come loose. The problem is worse after sunset. The concerned department should check this location.,ELECTRICITY,Broken/Low-Hanging Wire,CRITICAL,1 day,Continuously,21-50,Yes,Bus/transport area,English,Synthetic initial dataset
VCGIS-1281,I want to report water is gushing from a broken pipeline at the market junction. The problem has been there for 1 day. People are worried about using the water. Please inspect the issue and take necessary action.,WATER,Pipeline Burst,HIGH,1 day,Continuously,51-100,Yes,Residential area,English,Synthetic initial dataset
VCGIS-1156,"Only a small amount of water is coming near the public library. It has continued for 1 week, and people are struggling with daily water needs. The problem is becoming more frequent. Kindly arrange a field inspection and repair.",WATER,Low Water Pressure,MEDIUM,1 week,Daily,21-50,No,Public road,English,Synthetic initial dataset
VCGIS-0713,Behind the local market has an electricity problem: the transformer is making a loud noise. The fault appears to be getting worse. Kindly arrange a field inspection and repair.,ELECTRICITY,Transformer Problem,HIGH,2 days,Frequently,51-100,Yes,Public road,English,Synthetic initial dataset
VCGIS-1485,I want to report people are reporting unsafe-looking drinking water behind the local market. The problem has been there for 2 days. People are struggling with daily water needs. Kindly arrange a field inspection and repair.,WATER,Water Contamination,HIGH,2 days,Continuously,51-100,Yes,Public road,English,Synthetic initial dataset
VCGIS-0597,Please check near the community hall. There is no electricity and nearby homes are being affected. The problem has existed for 3 days.,ELECTRICITY,Power Outage,HIGH,3 days,Daily,51-100,No,Market area,English,Synthetic initial dataset
VCGIS-1432,The water tank is not filling in our residential layout for 2 weeks. Nearby families are affected. The problem is becoming more frequent.,WATER,Water Tank Problem,MEDIUM,2 weeks,Frequently,21-50,No,Village area,English,Synthetic initial dataset
VCGIS-0481,There is a road issue beside the temple: the manhole is raised above the road. It happens continuously and has continued for 3 days. Children and older people are finding it difficult to cross.,ROAD,Damaged Manhole,CRITICAL,3 days,Continuously,51-100,Yes,Market area,English,Synthetic initial dataset
VCGIS-1231,The roadside pipe is leaking at the market junction for 4 days. Several households are affected. Residents have already tried reporting the issue locally.,WATER,Pipeline Leakage,MEDIUM,4 days,Continuously,21-50,No,Market area,English,Synthetic initial dataset
VCGIS-0632,The whole area has lost power near the playground 1 day. Several households are affected. The issue has been noticed by several nearby residents.,ELECTRICITY,Power Outage,CRITICAL,1 day,Continuously,More than 100,Yes,Bus/transport area,English,Synthetic initial dataset
VCGIS-0686,I want to report several streetlights are off at the market junction. It has been happening for 2 weeks. The area becomes difficult to use after dark. Kindly arrange a field inspection and repair.,ELECTRICITY,Streetlight Failure,MEDIUM,2 weeks,Daily,21-50,Yes,College area,English,Synthetic initial dataset
VCGIS-1057,I want to report our taps are dry close to the petrol bunk. The problem has been there for 5 days. The issue is disrupting normal household activities. Please resolve the problem as soon as possible.,WATER,No Water Supply,HIGH,5 days,Daily,51-100,No,College area,English,Synthetic initial dataset
VCGIS-0590,Close to the petrol bunk has an electricity problem: there is no electricity. The issue has been noticed by several nearby residents. Please resolve the problem as soon as possible.,ELECTRICITY,Power Outage,HIGH,3 days,Daily,51-100,No,Village area,English,Synthetic initial dataset
VCGIS-0443,Near the village office has the speed breaker is badly damaged. It has been happening for 2 weeks and pedestrians are being forced to move onto the road. There is no warning sign around the damaged section.,ROAD,Damaged Speed Breaker,HIGH,2 weeks,Frequently,21-50,Yes,Bus/transport area,English,Synthetic initial dataset
VCGIS-0154,Please check behind the local market. A badly damaged road surface and riders are having to suddenly change direction. This has been going on for 2 weeks. The concerned department should check this location.,ROAD,Road Damage,MEDIUM,2 weeks,Frequently,21-50,No,Residential area,English,Synthetic initial dataset
VCGIS-0933,"An electrical wire is exposed at the market junction. The issue has continued for 2 days, and nearby homes are being affected. The problem is worse after sunset. Please resolve the problem as soon as possible.",ELECTRICITY,Exposed Electrical Cable,CRITICAL,2 days,Continuously,21-50,Yes,Village area,English,Synthetic initial dataset
VCGIS-1318,I want to report the borewell has failed near the playground. The problem has been there for 1 week. People are struggling with daily water needs. The concerned department should check this location.,WATER,Borewell Failure,CRITICAL,1 week,Daily,51-100,No,Village area,English,Synthetic initial dataset
VCGIS-1227,"Water is leaking from the main pipe at the market junction. It has continued for 4 days, and residents are having to arrange water from elsewhere. The issue is particularly difficult for elderly residents. Kindly arrange a field inspection and repair.",WATER,Pipeline Leakage,MEDIUM,4 days,Continuously,21-50,No,Market area,English,Synthetic initial dataset
VCGIS-0236,Please check beside the temple. Uneven asphalt and two-wheelers are having difficulty using the stretch. This has been going on for 2 months. Please resolve the problem as soon as possible.,ROAD,Road Damage,HIGH,2 months,Daily,51-100,Yes,Residential area,English,Synthetic initial dataset
VCGIS-1203,I want to report the roadside pipe is leaking close to the railway station. The problem has been there for 4 days. The issue is disrupting normal household activities. Please resolve the problem as soon as possible.,WATER,Pipeline Leakage,MEDIUM,4 days,Continuously,21-50,No,Bus/transport area,English,Synthetic initial dataset
VCGIS-0054,I want to report several potholes in our residential layout. The problem has continued for 2 weeks. Pedestrians are being forced to move onto the road. The concerned department should check this location.,ROAD,Pothole,MEDIUM,2 weeks,Frequently,21-50,No,Market area,English,Synthetic initial dataset
VCGIS-0185,There is a road issue near the main junction: a badly damaged road surface. It happens frequently and has continued for 2 weeks. Vehicles are struggling to pass.,ROAD,Road Damage,HIGH,2 weeks,Frequently,21-50,No,Village area,English,Synthetic initial dataset
VCGIS-1236,"Water is leaking from the main pipe behind the local market. It has continued for 4 days, and people are worried about using the water. Several houses have reported the same problem. Please inspect the issue and take necessary action.",WATER,Pipeline Leakage,MEDIUM,4 days,Continuously,21-50,No,Bus/transport area,English,Synthetic initial dataset
VCGIS-0084,I want to report several potholes on the main road. The problem has continued for 2 weeks. Two-wheelers are having difficulty using the stretch. Please inspect the issue and take necessary action.,ROAD,Pothole,MEDIUM,2 weeks,Frequently,21-50,No,College area,English,Synthetic initial dataset
VCGIS-0509,Electricity keeps going off near the main junction 1 day. Several households are affected. The fault appears to be getting worse.,ELECTRICITY,Power Outage,MEDIUM,1 day,Occasionally,21-50,No,Public road,English,Synthetic initial dataset
VCGIS-1390,Please check near the hospital. The pumping system is down and people are worried about using the water. This has been happening for 3 days.,WATER,Pump Failure,HIGH,3 days,Daily,51-100,No,Residential area,English,Synthetic initial dataset
VCGIS-0838,I want to report the pole is damaged beside the temple. It has been happening for 3 days. The area becomes difficult to use after dark. Please take appropriate corrective action.,ELECTRICITY,Electrical Pole Damage,HIGH,3 days,Continuously,51-100,Yes,Market area,English,Synthetic initial dataset
VCGIS-1143,Near the hospital has a water problem: water has stopped coming. Residents have already tried reporting the issue locally. Kindly send a team to assess and fix the problem.,WATER,No Water Supply,CRITICAL,7 days,Continuously,More than 100,Yes,Market area,English,Synthetic initial dataset
VCGIS-0903,I want to report an electrical wire is exposed beside the government school. It has been happening for 2 days. Shops and residents are facing disruption. Please take appropriate corrective action.,ELECTRICITY,Exposed Electrical Cable,CRITICAL,2 days,Continuously,21-50,Yes,Village area,English,Synthetic initial dataset
VCGIS-0551,I want to report the whole area has lost power near the village office. It has been happening for 3 days. The area becomes difficult to use after dark. Please inspect the issue and take necessary action.,ELECTRICITY,Power Outage,CRITICAL,3 days,Daily,51-100,No,Bus/transport area,English,Synthetic initial dataset
VCGIS-0524,There is no electricity beside the government school 1 day. Visibility is poor in the evening. There is no warning sign around the affected equipment.,ELECTRICITY,Power Outage,MEDIUM,1 day,Occasionally,21-50,No,Public road,English,Synthetic initial dataset
VCGIS-0062,There is a road issue near the community hall: a dangerous pothole. It happens frequently and has continued for 2 weeks. Traffic slows down around the location.,ROAD,Pothole,MEDIUM,2 weeks,Frequently,21-50,No,Market area,English,Synthetic initial dataset
VCGIS-1150,Please check beside the public park. There is no water supply and the issue is disrupting normal household activities. This has been happening for 7 days.,WATER,No Water Supply,CRITICAL,7 days,Continuously,More than 100,Yes,Public road,English,Synthetic initial dataset
VCGIS-1086,Near the main junction has a water problem: our taps are dry. Several houses have reported the same problem. The concerned department should check this location.,WATER,No Water Supply,HIGH,5 days,Daily,51-100,No,College area,English,Synthetic initial dataset
VCGIS-0139,"Deep potholes in our residential layout. It has been like this for 1 month, and vehicles are struggling to pass. There is no warning sign around the damaged section. Kindly send a team to assess and fix the problem.",ROAD,Pothole,HIGH,1 month,Daily,51-100,Yes,Public road,English,Synthetic initial dataset
VCGIS-0557,Near the public library has an electricity problem: the power is out. The problem is worse after sunset. Kindly arrange a field inspection and repair.,ELECTRICITY,Power Outage,HIGH,3 days,Daily,51-100,No,Residential area,English,Synthetic initial dataset
VCGIS-0047,There is a road issue close to the petrol bunk: several potholes. It happens occasionally and has continued for 3 days. Children and older people are finding it difficult to cross.,ROAD,Pothole,LOW,3 days,Occasionally,6-20,No,Market area,English,Synthetic initial dataset
VCGIS-0844,I want to report the pole is damaged in our residential layout. It has been happening for 3 days. Visibility is poor in the evening. Please resolve the problem as soon as possible.,ELECTRICITY,Electrical Pole Damage,HIGH,3 days,Continuously,51-100,Yes,Village area,English,Synthetic initial dataset
VCGIS-1043,"The street has no water beside the temple. It has continued for 2 days, and residents are having to arrange water from elsewhere. Several houses have reported the same problem. Kindly arrange a field inspection and repair.",WATER,No Water Supply,MEDIUM,2 days,Daily,21-50,No,Bus/transport area,English,Synthetic initial dataset
VCGIS-0961,Close to the petrol bunk has an electricity problem: there are repeated sparks near the connection. There is no warning sign around the affected equipment. Please take appropriate corrective action.,ELECTRICITY,Sparking,CRITICAL,1 day,Frequently,21-50,Yes,Market area,English,Synthetic initial dataset
VCGIS-0010,"Deep potholes beside the temple. It has been like this for 3 days, and pedestrians are being forced to move onto the road. There is no warning sign around the damaged section. Kindly send a team to assess and fix the problem.",ROAD,Pothole,LOW,3 days,Occasionally,6-20,No,Market area,English,Synthetic initial dataset
VCGIS-0260,"The roadside has caved in close to the petrol bunk. It has been like this for 1 day, and vehicles are struggling to pass. It is especially difficult to notice the damage at night. Please resolve the problem as soon as possible.",ROAD,Road Collapse,CRITICAL,1 day,Continuously,More than 100,Yes,Public road,English,Synthetic initial dataset
VCGIS-1471,I want to report the tap water has a bad smell near the public library. The problem has been there for 2 days. People are struggling with daily water needs. Kindly send a team to assess and fix the problem.,WATER,Water Contamination,CRITICAL,2 days,Continuously,51-100,Yes,College area,English,Synthetic initial dataset
VCGIS-0439,"The speed breaker is broken at the market junction. It has been like this for 2 weeks, and pedestrians are being forced to move onto the road. The problem gets worse when it rains. The concerned department should check this location.",ROAD,Damaged Speed Breaker,HIGH,2 weeks,Frequently,21-50,Yes,Village area,English,Synthetic initial dataset
VCGIS-1376,"The supply pump has stopped beside the public park. It has continued for 3 days, and several households are affected. The issue is particularly difficult for elderly residents. Please take appropriate corrective action.",WATER,Pump Failure,HIGH,3 days,Daily,51-100,No,College area,English,Synthetic initial dataset
VCGIS-1124,There is no water supply near the village office for 7 days. Several households are affected. Residents have already tried reporting the issue locally.,WATER,No Water Supply,CRITICAL,7 days,Continuously,More than 100,Yes,Residential area,English,Synthetic initial dataset
VCGIS-0349,There is a road issue near the apartment entrance: the road stays flooded after rain. It happens daily and has continued for 1 week. Pedestrians are being forced to move onto the road.,ROAD,Waterlogged Road,HIGH,1 week,Daily,51-100,Yes,Public road,English,Synthetic initial dataset
VCGIS-1320,"The local borewell is not supplying water near the apartment entrance. It has continued for 1 week, and the issue is disrupting normal household activities. The problem is becoming more frequent. Kindly send a team to assess and fix the problem.",WATER,Borewell Failure,HIGH,1 week,Daily,51-100,No,Public road,English,Synthetic initial dataset
VCGIS-0840,I want to report the electric pole is leaning beside the government school. It has been happening for 3 days. Several households are affected. Kindly send a team to assess and fix the problem.,ELECTRICITY,Electrical Pole Damage,HIGH,3 days,Continuously,51-100,Yes,Bus/transport area,English,Synthetic initial dataset
VCGIS-1036,"Water has stopped coming near the apartment entrance. It has continued for 2 days, and residents are having to arrange water from elsewhere. Several houses have reported the same problem. Please inspect the issue and take necessary action.",WATER,No Water Supply,MEDIUM,2 days,Daily,21-50,No,College area,English,Synthetic initial dataset
VCGIS-0435,On the main road has the speed breaker is badly damaged. It has been happening for 2 weeks and children and older people are finding it difficult to cross. A two-wheeler nearly lost balance there recently.,ROAD,Damaged Speed Breaker,CRITICAL,2 weeks,Frequently,21-50,Yes,Residential area,English,Synthetic initial dataset
VCGIS-1386,Please check near the community hall. The water pump is not working and several households are affected. This has been happening for 3 days.,WATER,Pump Failure,HIGH,3 days,Daily,51-100,No,Bus/transport area,English,Synthetic initial dataset
VCGIS-1112,"Water has stopped coming near the main junction. It has continued for 7 days, and residents are having to arrange water from elsewhere. The issue is particularly difficult for elderly residents. Please take appropriate corrective action.",WATER,No Water Supply,CRITICAL,7 days,Continuously,More than 100,Yes,College area,English,Synthetic initial dataset
VCGIS-1097,I want to report the street has no water at the market junction. The problem has been there for 5 days. The issue is disrupting normal household activities. Please resolve the problem as soon as possible.,WATER,No Water Supply,HIGH,5 days,Daily,51-100,No,Village area,English,Synthetic initial dataset
VCGIS-1157,"Only a small amount of water is coming beside the public park. It has continued for 1 week, and the issue is disrupting normal household activities. The issue is particularly difficult for elderly residents. Kindly arrange a field inspection and repair.",WATER,Low Water Pressure,MEDIUM,1 week,Daily,21-50,No,College area,English,Synthetic initial dataset
VCGIS-0915,An electrical cable is exposed near the bus stop 2 days. Nearby homes are being affected. The fault appears to be getting worse.,ELECTRICITY,Exposed Electrical Cable,CRITICAL,2 days,Continuously,21-50,Yes,College area,English,Synthetic initial dataset
VCGIS-1163,"Only a small amount of water is coming beside the public park. It has continued for 1 week, and people are worried about using the water. Residents have already tried reporting the issue locally. Please resolve the problem as soon as possible.",WATER,Low Water Pressure,MEDIUM,1 week,Daily,21-50,No,Village area,English,Synthetic initial dataset
VCGIS-0584,"The whole area has lost power near the main junction. The issue has continued for 3 days, and visibility is poor in the evening. Residents are worried that someone could get hurt. Please resolve the problem as soon as possible.",ELECTRICITY,Power Outage,HIGH,3 days,Daily,51-100,No,Bus/transport area,English,Synthetic initial dataset
VCGIS-0931,"An electrical wire is exposed near the college gate. The issue has continued for 2 days, and several households are affected. Residents are worried that someone could get hurt. Please inspect the issue and take necessary action.",ELECTRICITY,Exposed Electrical Cable,CRITICAL,2 days,Continuously,21-50,Yes,Public road,English,Synthetic initial dataset
VCGIS-0607,Please check beside the government school. The whole area has lost power and several households are affected. The problem has existed for 1 day.,ELECTRICITY,Power Outage,CRITICAL,1 day,Continuously,More than 100,Yes,Public road,English,Synthetic initial dataset
VCGIS-0940,An electrical cable is exposed near the playground 2 days. Nearby homes are being affected. Residents are worried that someone could get hurt.,ELECTRICITY,Exposed Electrical Cable,CRITICAL,2 days,Continuously,21-50,Yes,Public road,English,Synthetic initial dataset
VCGIS-1357,I want to report the pump appears to have failed beside the government school. The problem has been there for 3 days. Several households are affected. Kindly arrange a field inspection and repair.,WATER,Pump Failure,HIGH,3 days,Daily,51-100,No,Market area,English,Synthetic initial dataset
VCGIS-0089,Please check close to the petrol bunk. Deep potholes and pedestrians are being forced to move onto the road. This has been going on for 2 weeks. Kindly arrange a field inspection and repair.,ROAD,Pothole,MEDIUM,2 weeks,Frequently,21-50,No,Village area,English,Synthetic initial dataset
VCGIS-0917,Please check on the main road. An electrical cable is exposed and shops and residents are facing disruption. The problem has existed for 2 days.,ELECTRICITY,Exposed Electrical Cable,CRITICAL,2 days,Continuously,21-50,Yes,Residential area,English,Synthetic initial dataset
VCGIS-0195,Please check near the main junction. A badly damaged road surface and riders are having to suddenly change direction. This has been going on for 2 weeks. Please resolve the problem as soon as possible.,ROAD,Road Damage,MEDIUM,2 weeks,Frequently,21-50,No,Residential area,English,Synthetic initial dataset
VCGIS-1493,The water is unusually dirty beside the government school for 2 days. Nearby families are affected. People are having to depend on alternative sources.,WATER,Water Contamination,CRITICAL,2 days,Continuously,51-100,Yes,Residential area,English,Synthetic initial dataset
VCGIS-1447,The local tank is not supplying water near the college gate for 2 weeks. People are worried about using the water. Residents have already tried reporting the issue locally.,WATER,Water Tank Problem,MEDIUM,2 weeks,Frequently,21-50,No,Market area,English,Synthetic initial dataset
VCGIS-0150,"A large pothole near the apartment entrance. It has been like this for 1 month, and pedestrians are being forced to move onto the road. People have complained about the same spot before. Kindly arrange a field inspection and repair.",ROAD,Pothole,HIGH,1 month,Daily,51-100,Yes,College area,English,Synthetic initial dataset
VCGIS-1171,Near the community hall has a water problem: water comes with very low pressure. Several houses have reported the same problem. Please inspect the issue and take necessary action.,WATER,Low Water Pressure,MEDIUM,1 week,Daily,21-50,No,Bus/transport area,English,Synthetic initial dataset
VCGIS-0742,On the main road has an electricity problem: the transformer is making a loud noise. The issue has been noticed by several nearby residents. The concerned department should check this location.,ELECTRICITY,Transformer Problem,HIGH,2 days,Frequently,51-100,Yes,Public road,English,Synthetic initial dataset
VCGIS-0786,Please check near the playground. The transformer has stopped working and the area becomes difficult to use after dark. The problem has existed for 1 day.,ELECTRICITY,Transformer Problem,CRITICAL,1 day,Continuously,More than 100,Yes,Market area,English,Synthetic initial dataset
VCGIS-1324,Please check near the apartment entrance. The borewell is not working and several households are affected. This has been happening for 1 week.,WATER,Borewell Failure,HIGH,1 week,Daily,51-100,No,Market area,English,Synthetic initial dataset
VCGIS-0003,There is a road issue behind the local market: several potholes. It happens occasionally and has continued for 3 days. Children and older people are finding it difficult to cross.,ROAD,Pothole,LOW,3 days,Occasionally,6-20,No,Residential area,English,Synthetic initial dataset
VCGIS-0750,"The transformer appears faulty near the playground. The issue has continued for 2 days, and nearby homes are being affected. The issue has been noticed by several nearby residents. Please resolve the problem as soon as possible.",ELECTRICITY,Transformer Problem,HIGH,2 days,Frequently,51-100,Yes,Public road,English,Synthetic initial dataset
VCGIS-1016,"Water has stopped coming near the main junction. It has continued for 2 days, and residents are having to arrange water from elsewhere. Residents have already tried reporting the issue locally. Kindly arrange a field inspection and repair.",WATER,No Water Supply,MEDIUM,2 days,Daily,21-50,No,Bus/transport area,English,Synthetic initial dataset
VCGIS-1348,The borewell is not working beside the temple for 1 week. The issue is disrupting normal household activities. Residents have already tried reporting the issue locally.,WATER,Borewell Failure,HIGH,1 week,Daily,51-100,No,Residential area,English,Synthetic initial dataset
VCGIS-1326,"The borewell is not working near the apartment entrance. It has continued for 1 week, and people are worried about using the water. The problem is becoming more frequent. Please take appropriate corrective action.",WATER,Borewell Failure,HIGH,1 week,Daily,51-100,No,Village area,English,Synthetic initial dataset
VCGIS-0732,Please check at the market junction. The transformer appears faulty and nearby homes are being affected. The problem has existed for 2 days.,ELECTRICITY,Transformer Problem,HIGH,2 days,Frequently,51-100,Yes,Market area,English,Synthetic initial dataset
VCGIS-0426,I want to report the speed breaker has a sharp broken edge near the main junction. The problem has continued for 2 weeks. Traffic slows down around the location. The concerned department should check this location.,ROAD,Damaged Speed Breaker,HIGH,2 weeks,Frequently,21-50,Yes,Bus/transport area,English,Synthetic initial dataset
VCGIS-1452,Near the apartment entrance has a water problem: people are reporting unsafe-looking drinking water. The problem is becoming more frequent. Please resolve the problem as soon as possible.,WATER,Water Contamination,CRITICAL,2 days,Continuously,51-100,Yes,Village area,English,Synthetic initial dataset
VCGIS-1410,"The community tank is damaged near the community hall. It has continued for 2 weeks, and residents are having to arrange water from elsewhere. People are having to depend on alternative sources. The concerned department should check this location.",WATER,Water Tank Problem,MEDIUM,2 weeks,Frequently,21-50,No,Market area,English,Synthetic initial dataset
VCGIS-1061,At the market junction has a water problem: there is no water supply. People are having to depend on alternative sources. Kindly send a team to assess and fix the problem.,WATER,No Water Supply,HIGH,5 days,Daily,51-100,No,Public road,English,Synthetic initial dataset
VCGIS-0194,I want to report a badly damaged road surface on the main road. The problem has continued for 2 weeks. Vehicles are struggling to pass. Please resolve the problem as soon as possible.,ROAD,Road Damage,MEDIUM,2 weeks,Frequently,21-50,No,Market area,English,Synthetic initial dataset
VCGIS-1500,Near the community hall has a water problem: the water is unusually dirty. People are having to depend on alternative sources. Kindly arrange a field inspection and repair.,WATER,Water Contamination,CRITICAL,2 days,Continuously,51-100,Yes,Village area,English,Synthetic initial dataset
VCGIS-0719,Please check near the college gate. The transformer appears faulty and nearby homes are being affected. The problem has existed for 2 days.,ELECTRICITY,Transformer Problem,HIGH,2 days,Frequently,51-100,Yes,Residential area,English,Synthetic initial dataset
VCGIS-1050,I want to report water has stopped coming at the market junction. The problem has been there for 2 days. People are struggling with daily water needs. Kindly arrange a field inspection and repair.,WATER,No Water Supply,MEDIUM,2 days,Daily,21-50,No,Public road,English,Synthetic initial dataset
VCGIS-0731,The transformer has stopped working near the public library 2 days. Shops and residents are facing disruption. The fault appears to be getting worse.,ELECTRICITY,Transformer Problem,HIGH,2 days,Frequently,51-100,Yes,Village area,English,Synthetic initial dataset
VCGIS-1001,Please check beside the temple. There is no water supply and people are worried about using the water. This has been happening for 2 days.,WATER,No Water Supply,HIGH,2 days,Daily,21-50,No,Bus/transport area,English,Synthetic initial dataset
VCGIS-1296,Near the community hall has a water problem: the water pipeline has burst. The issue is particularly difficult for elderly residents. The concerned department should check this location.,WATER,Pipeline Burst,HIGH,1 day,Continuously,51-100,Yes,College area,English,Synthetic initial dataset
VCGIS-1241,"A water pipeline is leaking on the main road. It has continued for 4 days, and residents are having to arrange water from elsewhere. The issue is particularly difficult for elderly residents. Please resolve the problem as soon as possible.",WATER,Pipeline Leakage,MEDIUM,4 days,Continuously,21-50,No,Village area,English,Synthetic initial dataset
VCGIS-0849,The pole has visible cracks near the village office 3 days. People are worried about electrical safety. There is no warning sign around the affected equipment.,ELECTRICITY,Electrical Pole Damage,HIGH,3 days,Continuously,51-100,Yes,Village area,English,Synthetic initial dataset
VCGIS-0405,I want to report the speed breaker is uneven beside the temple. The problem has continued for 2 weeks. Riders are having to suddenly change direction. Please resolve the problem as soon as possible.,ROAD,Damaged Speed Breaker,HIGH,2 weeks,Frequently,21-50,Yes,Bus/transport area,English,Synthetic initial dataset
VCGIS-0932,A cable has lost its insulation in our residential layout 2 days. Several households are affected. Residents are worried that someone could get hurt.,ELECTRICITY,Exposed Electrical Cable,CRITICAL,2 days,Continuously,21-50,Yes,College area,English,Synthetic initial dataset
VCGIS-0245,Beside the government school has cracks across the road. It has been happening for 2 months and traffic slows down around the location. People have complained about the same spot before.,ROAD,Road Damage,HIGH,2 months,Daily,51-100,Yes,Bus/transport area,English,Synthetic initial dataset
VCGIS-1450,"The water tank is overflowing near the apartment entrance. It has continued for 2 weeks, and people are worried about using the water. Several houses have reported the same problem. Kindly arrange a field inspection and repair.",WATER,Water Tank Problem,MEDIUM,2 weeks,Frequently,21-50,No,Village area,English,Synthetic initial dataset
VCGIS-0008,I want to report a dangerous pothole near the bus stop. The problem has continued for 3 days. Riders are having to suddenly change direction. Please resolve the problem as soon as possible.,ROAD,Pothole,LOW,3 days,Occasionally,6-20,No,College area,English,Synthetic initial dataset
VCGIS-0385,"Part of the footpath is missing on the main road. It has been like this for 1 month, and vehicles are struggling to pass. People have complained about the same spot before. Please inspect the issue and take necessary action.",ROAD,Footpath Damage,HIGH,1 month,Frequently,21-50,No,College area,English,Synthetic initial dataset
VCGIS-1087,Near the apartment entrance has a water problem: there is no water supply. Several houses have reported the same problem. Please inspect the issue and take necessary action.,WATER,No Water Supply,HIGH,5 days,Daily,51-100,No,Market area,English,Synthetic initial dataset
VCGIS-1327,In our residential layout has a water problem: the borewell pump has stopped. The issue is particularly difficult for elderly residents. Please resolve the problem as soon as possible.,WATER,Borewell Failure,HIGH,1 week,Daily,51-100,No,Market area,English,Synthetic initial dataset
VCGIS-0383,"The footpath is broken in our residential layout. It has been like this for 1 month, and vehicles are struggling to pass. It is especially difficult to notice the damage at night. Please inspect the issue and take necessary action.",ROAD,Footpath Damage,MEDIUM,1 month,Frequently,21-50,No,Public road,English,Synthetic initial dataset
VCGIS-0875,Beside the public park has an electricity problem: a cable is hanging near pedestrians. The problem is worse after sunset. Please take appropriate corrective action.,ELECTRICITY,Broken/Low-Hanging Wire,CRITICAL,1 day,Continuously,21-50,Yes,College area,English,Synthetic initial dataset
VCGIS-1027,Water has stopped coming near the main junction for 2 days. People are worried about using the water. People are having to depend on alternative sources.,WATER,No Water Supply,MEDIUM,2 days,Daily,21-50,No,College area,English,Synthetic initial dataset
VCGIS-0599,"The whole area has lost power near the hospital. The issue has continued for 3 days, and visibility is poor in the evening. There is no warning sign around the affected equipment. The concerned department should check this location.",ELECTRICITY,Power Outage,HIGH,3 days,Daily,51-100,No,Public road,English,Synthetic initial dataset
VCGIS-1412,The water tank is not filling near the village office for 2 weeks. Nearby families are affected. The issue is particularly difficult for elderly residents.,WATER,Water Tank Problem,MEDIUM,2 weeks,Frequently,21-50,No,College area,English,Synthetic initial dataset
VCGIS-1082,I want to report the street has no water near the college gate. The problem has been there for 5 days. The issue is disrupting normal household activities. Please take appropriate corrective action.,WATER,No Water Supply,HIGH,5 days,Daily,51-100,No,Residential area,English,Synthetic initial dataset
VCGIS-0623,Please check on the main road. The whole area has lost power and visibility is poor in the evening. The problem has existed for 1 day.,ELECTRICITY,Power Outage,CRITICAL,1 day,Continuously,More than 100,Yes,Market area,English,Synthetic initial dataset
VCGIS-0560,I want to report the whole area has lost power on the main road. It has been happening for 3 days. Nearby homes are being affected. The concerned department should check this location.,ELECTRICITY,Power Outage,HIGH,3 days,Daily,51-100,No,Bus/transport area,English,Synthetic initial dataset
VCGIS-1243,Please check near the community hall. The roadside pipe is leaking and several households are affected. This has been happening for 4 days.,WATER,Pipeline Leakage,MEDIUM,4 days,Continuously,21-50,No,Residential area,English,Synthetic initial dataset
VCGIS-1132,"Our taps are dry near the hospital. It has continued for 7 days, and people are worried about using the water. Residents have already tried reporting the issue locally. Please take appropriate corrective action.",WATER,No Water Supply,CRITICAL,7 days,Continuously,More than 100,Yes,Village area,English,Synthetic initial dataset
VCGIS-0046,"Several potholes near the bus stop. It has been like this for 3 days, and riders are having to suddenly change direction. It is especially difficult to notice the damage at night. Please inspect the issue and take necessary action.",ROAD,Pothole,LOW,3 days,Occasionally,6-20,No,Residential area,English,Synthetic initial dataset
VCGIS-0937,Behind the local market has an electricity problem: a cable has lost its insulation. The issue has been noticed by several nearby residents. Kindly send a team to assess and fix the problem.,ELECTRICITY,Exposed Electrical Cable,CRITICAL,2 days,Continuously,21-50,Yes,Bus/transport area,English,Synthetic initial dataset
VCGIS-0239,I want to report uneven asphalt near the hospital. The problem has continued for 2 months. Traffic slows down around the location. Please take appropriate corrective action.,ROAD,Road Damage,HIGH,2 months,Daily,51-100,Yes,Public road,English,Synthetic initial dataset
VCGIS-0834,Please check near the bus stop. The pole looks unstable and nearby homes are being affected. The problem has existed for 3 days.,ELECTRICITY,Electrical Pole Damage,HIGH,3 days,Continuously,51-100,Yes,Village area,English,Synthetic initial dataset
VCGIS-1144,Beside the temple has a water problem: there is no water supply. Residents have already tried reporting the issue locally. Please resolve the problem as soon as possible.,WATER,No Water Supply,CRITICAL,7 days,Continuously,More than 100,Yes,College area,English,Synthetic initial dataset
VCGIS-0423,Beside the public park has the speed breaker is badly damaged. It has been happening for 2 weeks and vehicles are struggling to pass. People have complained about the same spot before.,ROAD,Damaged Speed Breaker,HIGH,2 weeks,Frequently,21-50,Yes,College area,English,Synthetic initial dataset
VCGIS-0781,I want to report the transformer appears faulty near the public library. It has been happening for 1 day. Nearby homes are being affected. The concerned department should check this location.,ELECTRICITY,Transformer Problem,CRITICAL,1 day,Continuously,More than 100,Yes,Market area,English,Synthetic initial dataset
VCGIS-0702,Please check at the market junction. The transformer appears faulty and several households are affected. The problem has existed for 2 days.,ELECTRICITY,Transformer Problem,HIGH,2 days,Frequently,51-100,Yes,Village area,English,Synthetic initial dataset
VCGIS-0949,"An electrical wire is exposed near the community hall. The issue has continued for 2 days, and shops and residents are facing disruption. There is no warning sign around the affected equipment. Kindly send a team to assess and fix the problem.",ELECTRICITY,Exposed Electrical Cable,CRITICAL,2 days,Continuously,21-50,Yes,Market area,English,Synthetic initial dataset
VCGIS-0254,Please check at the market junction. A section of the road has given way and pedestrians are being forced to move onto the road. This has been going on for 1 day. Kindly arrange a field inspection and repair.,ROAD,Road Collapse,CRITICAL,1 day,Continuously,More than 100,Yes,Market area,English,Synthetic initial dataset
VCGIS-0542,"The power is out behind the local market. The issue has continued for 1 day, and several households are affected. The fault appears to be getting worse. Kindly send a team to assess and fix the problem.",ELECTRICITY,Power Outage,MEDIUM,1 day,Occasionally,21-50,No,Residential area,English,Synthetic initial dataset
VCGIS-0296,On the main road has part of the road has collapsed. It has been happening for 1 day and pedestrians are being forced to move onto the road. There is no warning sign around the damaged section.,ROAD,Road Collapse,CRITICAL,1 day,Continuously,More than 100,Yes,College area,English,Synthetic initial dataset
VCGIS-0627,The power is out beside the government school 1 day. Visibility is poor in the evening. There is no warning sign around the affected equipment.,ELECTRICITY,Power Outage,CRITICAL,1 day,Continuously,More than 100,Yes,Residential area,English,Synthetic initial dataset
VCGIS-0971,Please check close to the petrol bunk. Sparks are coming from the electrical equipment and visibility is poor in the evening. The problem has existed for 1 day.,ELECTRICITY,Sparking,CRITICAL,1 day,Frequently,21-50,Yes,Public road,English,Synthetic initial dataset
VCGIS-0045,Close to the railway station has a dangerous pothole. It has been happening for 3 days and pedestrians are being forced to move onto the road. A two-wheeler nearly lost balance there recently.,ROAD,Pothole,LOW,3 days,Occasionally,6-20,No,Market area,English,Synthetic initial dataset
VCGIS-0419,"The speed breaker is broken near the apartment entrance. It has been like this for 2 weeks, and pedestrians are being forced to move onto the road. The problem gets worse when it rains. Kindly arrange a field inspection and repair.",ROAD,Damaged Speed Breaker,HIGH,2 weeks,Frequently,21-50,Yes,Public road,English,Synthetic initial dataset
VCGIS-1403,"The community tank is damaged beside the government school. It has continued for 2 weeks, and nearby families are affected. People are having to depend on alternative sources. Kindly arrange a field inspection and repair.",WATER,Water Tank Problem,MEDIUM,2 weeks,Frequently,21-50,No,Village area,English,Synthetic initial dataset
VCGIS-0871,"A wire appears to be sagging dangerously in our residential layout. The issue has continued for 1 day, and nearby homes are being affected. The fault appears to be getting worse. Please inspect the issue and take necessary action.",ELECTRICITY,Broken/Low-Hanging Wire,CRITICAL,1 day,Continuously,21-50,Yes,Bus/transport area,English,Synthetic initial dataset
VCGIS-1098,Please check near the hospital. The street has no water and people are worried about using the water. This has been happening for 5 days.,WATER,No Water Supply,HIGH,5 days,Daily,51-100,No,Public road,English,Synthetic initial dataset
VCGIS-1392,The supply pump has stopped near the public library for 3 days. Nearby families are affected. People are having to depend on alternative sources.,WATER,Pump Failure,HIGH,3 days,Daily,51-100,No,Market area,English,Synthetic initial dataset
VCGIS-0930,Close to the petrol bunk has an electricity problem: a cable has lost its insulation. The fault appears to be getting worse. Kindly send a team to assess and fix the problem.,ELECTRICITY,Exposed Electrical Cable,CRITICAL,2 days,Continuously,21-50,Yes,Village area,English,Synthetic initial dataset
VCGIS-1451,"The water is unusually dirty behind the local market. It has continued for 2 days, and people are struggling with daily water needs. Several houses have reported the same problem. Kindly send a team to assess and fix the problem.",WATER,Water Contamination,HIGH,2 days,Continuously,51-100,Yes,College area,English,Synthetic initial dataset
VCGIS-1071,"The street has no water close to the petrol bunk. It has continued for 5 days, and residents are having to arrange water from elsewhere. People are having to depend on alternative sources. Kindly send a team to assess and fix the problem.",WATER,No Water Supply,HIGH,5 days,Daily,51-100,No,College area,English,Synthetic initial dataset
VCGIS-0887,I want to report a wire is hanging very low near the main junction. It has been happening for 1 day. Several households are affected. Please take appropriate corrective action.,ELECTRICITY,Broken/Low-Hanging Wire,CRITICAL,1 day,Continuously,21-50,Yes,Market area,English,Synthetic initial dataset
VCGIS-1222,I want to report a water pipeline is leaking near the village office. The problem has been there for 4 days. Residents are having to arrange water from elsewhere. Kindly arrange a field inspection and repair.,WATER,Pipeline Leakage,MEDIUM,4 days,Continuously,21-50,No,Public road,English,Synthetic initial dataset
VCGIS-0274,Near the apartment entrance has the road edge has collapsed. It has been happening for 1 day and vehicles are struggling to pass. A two-wheeler nearly lost balance there recently.,ROAD,Road Collapse,CRITICAL,1 day,Continuously,More than 100,Yes,Residential area,English,Synthetic initial dataset
VCGIS-0040,There is a road issue on the main road: several potholes. It happens occasionally and has continued for 3 days. Two-wheelers are having difficulty using the stretch.,ROAD,Pothole,LOW,3 days,Occasionally,6-20,No,Market area,English,Synthetic initial dataset
VCGIS-1499,Please check near the college gate. The water is unusually dirty and several households are affected. This has been happening for 2 days.,WATER,Water Contamination,CRITICAL,2 days,Continuously,51-100,Yes,College area,English,Synthetic initial dataset
VCGIS-1233,Please check near the main junction. There is a continuous pipe leak and several households are affected. This has been happening for 4 days.,WATER,Pipeline Leakage,MEDIUM,4 days,Continuously,21-50,No,Village area,English,Synthetic initial dataset
VCGIS-1313,"The local borewell is not supplying water near the hospital. It has continued for 1 week, and several households are affected. The problem is becoming more frequent. The concerned department should check this location.",WATER,Borewell Failure,HIGH,1 week,Daily,51-100,No,Market area,English,Synthetic initial dataset
VCGIS-1034,Please check in our residential layout. There is no water supply and people are worried about using the water. This has been happening for 2 days.,WATER,No Water Supply,MEDIUM,2 days,Daily,21-50,No,College area,English,Synthetic initial dataset
VCGIS-1113,Our taps are dry close to the petrol bunk for 7 days. The issue is disrupting normal household activities. The problem is becoming more frequent.,WATER,No Water Supply,CRITICAL,7 days,Continuously,More than 100,Yes,Public road,English,Synthetic initial dataset
VCGIS-1268,In our residential layout has a water problem: water is gushing from a broken pipeline. People are having to depend on alternative sources. Kindly arrange a field inspection and repair.,WATER,Pipeline Burst,CRITICAL,1 day,Continuously,51-100,Yes,Public road,English,Synthetic initial dataset
VCGIS-0056,"Several potholes near the village office. It has been like this for 2 weeks, and vehicles are struggling to pass. A two-wheeler nearly lost balance there recently. Please inspect the issue and take necessary action.",ROAD,Pothole,MEDIUM,2 weeks,Frequently,21-50,No,Public road,English,Synthetic initial dataset
VCGIS-1260,Near the community hall has a water problem: water is gushing from a broken pipeline. People are having to depend on alternative sources. Kindly send a team to assess and fix the problem.,WATER,Pipeline Burst,HIGH,1 day,Continuously,51-100,Yes,Market area,English,Synthetic initial dataset
VCGIS-0928,Please check beside the government school. An electrical wire is exposed and several households are affected. The problem has existed for 2 days.,ELECTRICITY,Exposed Electrical Cable,CRITICAL,2 days,Continuously,21-50,Yes,Bus/transport area,English,Synthetic initial dataset
VCGIS-1346,Near the college gate has a water problem: the borewell pump has stopped. People are having to depend on alternative sources. Kindly send a team to assess and fix the problem.,WATER,Borewell Failure,HIGH,1 week,Daily,51-100,No,Residential area,English,Synthetic initial dataset
VCGIS-1008,I want to report water has stopped coming close to the petrol bunk. The problem has been there for 2 days. People are struggling with daily water needs. Please resolve the problem as soon as possible.,WATER,No Water Supply,MEDIUM,2 days,Daily,21-50,No,Bus/transport area,English,Synthetic initial dataset
VCGIS-0072,"Several potholes beside the government school. It has been like this for 2 weeks, and children and older people are finding it difficult to cross. There is no warning sign around the damaged section. Please resolve the problem as soon as possible.",ROAD,Pothole,MEDIUM,2 weeks,Frequently,21-50,No,Residential area,English,Synthetic initial dataset
VCGIS-0166,"A badly damaged road surface beside the public park. It has been like this for 2 weeks, and two-wheelers are having difficulty using the stretch. It is especially difficult to notice the damage at night. Please take appropriate corrective action.",ROAD,Road Damage,MEDIUM,2 weeks,Frequently,21-50,No,Market area,English,Synthetic initial dataset
VCGIS-1188,Near the public library has a water problem: water comes with very low pressure. Several houses have reported the same problem. Kindly arrange a field inspection and repair.,WATER,Low Water Pressure,MEDIUM,1 week,Daily,21-50,No,Village area,English,Synthetic initial dataset
VCGIS-0884,Please check near the public library. An electrical wire has come loose and nearby homes are being affected. The problem has existed for 1 day.,ELECTRICITY,Broken/Low-Hanging Wire,CRITICAL,1 day,Continuously,21-50,Yes,Residential area,English,Synthetic initial dataset
VCGIS-0575,I want to report there is no electricity beside the public park. It has been happening for 3 days. People are worried about electrical safety. Please take appropriate corrective action.,ELECTRICITY,Power Outage,HIGH,3 days,Daily,51-100,No,Residential area,English,Synthetic initial dataset
VCGIS-0885,Behind the local market has an electricity problem: an electrical wire has come loose. There is no warning sign around the affected equipment. Kindly arrange a field inspection and repair.,ELECTRICITY,Broken/Low-Hanging Wire,HIGH,1 day,Continuously,21-50,Yes,Bus/transport area,English,Synthetic initial dataset
VCGIS-0041,"A dangerous pothole close to the railway station. It has been like this for 3 days, and riders are having to suddenly change direction. It is especially difficult to notice the damage at night. The concerned department should check this location.",ROAD,Pothole,LOW,3 days,Occasionally,6-20,No,Market area,English,Synthetic initial dataset
VCGIS-1191,Please check close to the petrol bunk. The tap flow is weak and the issue is disrupting normal household activities. This has been happening for 1 week.,WATER,Low Water Pressure,MEDIUM,1 week,Daily,21-50,No,Residential area,English,Synthetic initial dataset
VCGIS-0286,I want to report part of the road has collapsed near the public library. The problem has continued for 1 day. Riders are having to suddenly change direction. Kindly arrange a field inspection and repair.,ROAD,Road Collapse,CRITICAL,1 day,Continuously,More than 100,Yes,Residential area,English,Synthetic initial dataset
VCGIS-0935,I want to report an electrical wire is exposed behind the local market. It has been happening for 2 days. People are worried about electrical safety. Please inspect the issue and take necessary action.,ELECTRICITY,Exposed Electrical Cable,HIGH,2 days,Continuously,21-50,Yes,College area,English,Synthetic initial dataset
VCGIS-0661,"The street is dark because the light is off behind the local market. The issue has continued for 2 weeks, and the area becomes difficult to use after dark. The fault appears to be getting worse. Please inspect the issue and take necessary action.",ELECTRICITY,Streetlight Failure,MEDIUM,2 weeks,Daily,21-50,Yes,College area,English,Synthetic initial dataset
VCGIS-1218,I want to report the roadside pipe is leaking near the hospital. The problem has been there for 4 days. Nearby families are affected. Please resolve the problem as soon as possible.,WATER,Pipeline Leakage,HIGH,4 days,Continuously,21-50,No,Residential area,English,Synthetic initial dataset
VCGIS-0962,Please check near the playground. The pole is producing sparks and visibility is poor in the evening. The problem has existed for 1 day.,ELECTRICITY,Sparking,CRITICAL,1 day,Frequently,21-50,Yes,Bus/transport area,English,Synthetic initial dataset
VCGIS-0476,Beside the public park has the manhole cover is broken. It has been happening for 3 days and riders are having to suddenly change direction. It is especially difficult to notice the damage at night.,ROAD,Damaged Manhole,CRITICAL,3 days,Continuously,51-100,Yes,Public road,English,Synthetic initial dataset
VCGIS-1445,Beside the government school has a water problem: the local tank is not supplying water. The problem is becoming more frequent. Kindly arrange a field inspection and repair.,WATER,Water Tank Problem,MEDIUM,2 weeks,Frequently,21-50,No,Bus/transport area,English,Synthetic initial dataset
VCGIS-0790,At the market junction has an electricity problem: the transformer is overheating. Residents are worried that someone could get hurt. Kindly arrange a field inspection and repair.,ELECTRICITY,Transformer Problem,CRITICAL,1 day,Continuously,More than 100,Yes,Public road,English,Synthetic initial dataset
VCGIS-0595,I want to report there is no electricity at the market junction. It has been happening for 3 days. Several households are affected. Kindly send a team to assess and fix the problem.,ELECTRICITY,Power Outage,HIGH,3 days,Daily,51-100,No,Residential area,English,Synthetic initial dataset
VCGIS-0806,Close to the railway station has an electricity problem: the electric pole is leaning. There is no warning sign around the affected equipment. Please take appropriate corrective action.,ELECTRICITY,Electrical Pole Damage,HIGH,3 days,Continuously,51-100,Yes,Public road,English,Synthetic initial dataset
VCGIS-1094,I want to report the street has no water near the public library. The problem has been there for 5 days. Residents are having to arrange water from elsewhere. Please take appropriate corrective action.,WATER,No Water Supply,HIGH,5 days,Daily,51-100,No,Village area,English,Synthetic initial dataset
VCGIS-0649,Please check close to the railway station. The whole area has lost power and nearby homes are being affected. The problem has existed for 1 day.,ELECTRICITY,Power Outage,CRITICAL,1 day,Continuously,More than 100,Yes,Village area,English,Synthetic initial dataset
VCGIS-1407,Please check in our residential layout. The water tank is overflowing and the issue is disrupting normal household activities. This has been happening for 2 weeks.,WATER,Water Tank Problem,MEDIUM,2 weeks,Frequently,21-50,No,Public road,English,Synthetic initial dataset
VCGIS-0122,"A large pothole near the bus stop. It has been like this for 1 month, and riders are having to suddenly change direction. There is no warning sign around the damaged section. Please take appropriate corrective action.",ROAD,Pothole,HIGH,1 month,Daily,51-100,Yes,Bus/transport area,English,Synthetic initial dataset
VCGIS-0026,There is a road issue behind the local market: several potholes. It happens occasionally and has continued for 3 days. Children and older people are finding it difficult to cross.,ROAD,Pothole,LOW,3 days,Occasionally,6-20,No,Market area,English,Synthetic initial dataset
VCGIS-0459,There is a road issue behind the local market: the manhole is raised above the road. It happens continuously and has continued for 3 days. Children and older people are finding it difficult to cross.,ROAD,Damaged Manhole,CRITICAL,3 days,Continuously,51-100,Yes,Market area,English,Synthetic initial dataset
VCGIS-0052,"Several potholes behind the local market. It has been like this for 2 weeks, and vehicles are struggling to pass. It is especially difficult to notice the damage at night. Please take appropriate corrective action.",ROAD,Pothole,MEDIUM,2 weeks,Frequently,21-50,No,Market area,English,Synthetic initial dataset
VCGIS-0302,Behind the local market has the road stays flooded after rain. It has been happening for 1 week and riders are having to suddenly change direction. There is no warning sign around the damaged section.,ROAD,Waterlogged Road,HIGH,1 week,Daily,51-100,Yes,Bus/transport area,English,Synthetic initial dataset
VCGIS-0006,"Deep potholes near the college gate. It has been like this for 3 days, and traffic slows down around the location. It is especially difficult to notice the damage at night. Please take appropriate corrective action.",ROAD,Pothole,LOW,3 days,Occasionally,6-20,No,Residential area,English,Synthetic initial dataset
VCGIS-1359,"The supply pump has stopped beside the public park. It has continued for 3 days, and the issue is disrupting normal household activities. Several houses have reported the same problem. Please inspect the issue and take necessary action.",WATER,Pump Failure,HIGH,3 days,Daily,51-100,No,College area,English,Synthetic initial dataset
VCGIS-1235,"A water pipeline is leaking near the community hall. It has continued for 4 days, and several households are affected. Residents have already tried reporting the issue locally. Kindly arrange a field inspection and repair.",WATER,Pipeline Leakage,HIGH,4 days,Continuously,21-50,No,College area,English,Synthetic initial dataset
VCGIS-0874,I want to report a wire is hanging very low at the market junction. It has been happening for 1 day. Shops and residents are facing disruption. Please resolve the problem as soon as possible.,ELECTRICITY,Broken/Low-Hanging Wire,CRITICAL,1 day,Continuously,21-50,Yes,Public road,English,Synthetic initial dataset
VCGIS-0653,Please check close to the petrol bunk. The streetlight is not working and visibility is poor in the evening. The problem has existed for 2 weeks.,ELECTRICITY,Streetlight Failure,MEDIUM,2 weeks,Daily,21-50,Yes,Village area,English,Synthetic initial dataset
VCGIS-0846,"The pole looks unstable beside the public park. The issue has continued for 3 days, and people are worried about electrical safety. The problem is worse after sunset. The concerned department should check this location.",ELECTRICITY,Electrical Pole Damage,HIGH,3 days,Continuously,51-100,Yes,College area,English,Synthetic initial dataset
VCGIS-1374,The supply pump has stopped near the public library for 3 days. People are worried about using the water. The issue is particularly difficult for elderly residents.,WATER,Pump Failure,HIGH,3 days,Daily,51-100,No,Market area,English,Synthetic initial dataset
VCGIS-1325,Please check near the main junction. The borewell is not working and residents are having to arrange water from elsewhere. This has been happening for 1 week.,WATER,Borewell Failure,HIGH,1 week,Daily,51-100,No,Public road,English,Synthetic initial dataset
VCGIS-1220,Please check near the playground. The roadside pipe is leaking and several households are affected. This has been happening for 4 days.,WATER,Pipeline Leakage,MEDIUM,4 days,Continuously,21-50,No,Residential area,English,Synthetic initial dataset
VCGIS-0126,Please check on the main road. Deep potholes and pedestrians are being forced to move onto the road. This has been going on for 1 month. Kindly send a team to assess and fix the problem.,ROAD,Pothole,HIGH,1 month,Daily,51-100,Yes,College area,English,Synthetic initial dataset
VCGIS-0363,I want to report the footpath has become uneven close to the railway station. The problem has continued for 1 month. Vehicles are struggling to pass. Kindly arrange a field inspection and repair.,ROAD,Footpath Damage,MEDIUM,1 month,Frequently,21-50,No,Residential area,English,Synthetic initial dataset
VCGIS-0866,I want to report an electrical wire has come loose beside the government school. It has been happening for 1 day. Nearby homes are being affected. Kindly arrange a field inspection and repair.,ELECTRICITY,Broken/Low-Hanging Wire,CRITICAL,1 day,Continuously,21-50,Yes,Public road,English,Synthetic initial dataset
VCGIS-1093,Water has stopped coming near the bus stop for 5 days. Nearby families are affected. Residents have already tried reporting the issue locally.,WATER,No Water Supply,HIGH,5 days,Daily,51-100,No,College area,English,Synthetic initial dataset
VCGIS-0378,I want to report pavement tiles are damaged beside the government school. The problem has continued for 1 month. Vehicles are struggling to pass. Please inspect the issue and take necessary action.,ROAD,Footpath Damage,MEDIUM,1 month,Frequently,21-50,No,Market area,English,Synthetic initial dataset
VCGIS-0735,Please check near the playground. The transformer is overheating and several households are affected. The problem has existed for 2 days.,ELECTRICITY,Transformer Problem,CRITICAL,2 days,Frequently,51-100,Yes,College area,English,Synthetic initial dataset
VCGIS-0527,There is no electricity near the main junction 1 day. The area becomes difficult to use after dark. The fault appears to be getting worse.,ELECTRICITY,Power Outage,MEDIUM,1 day,Occasionally,21-50,No,College area,English,Synthetic initial dataset
VCGIS-0515,The whole area has lost power beside the government school 1 day. Several households are affected. There is no warning sign around the affected equipment.,ELECTRICITY,Power Outage,MEDIUM,1 day,Occasionally,21-50,No,Village area,English,Synthetic initial dataset
VCGIS-0751,Please check near the college gate. The transformer is making a loud noise and people are worried about electrical safety. The problem has existed for 1 day.,ELECTRICITY,Transformer Problem,HIGH,1 day,Continuously,More than 100,Yes,Public road,English,Synthetic initial dataset
VCGIS-1190,"Water pressure is very low near the college gate. It has continued for 1 week, and the issue is disrupting normal household activities. Residents have already tried reporting the issue locally. The concerned department should check this location.",WATER,Low Water Pressure,MEDIUM,1 week,Daily,21-50,No,Bus/transport area,English,Synthetic initial dataset
VCGIS-1075,There is no water supply near the village office for 5 days. Several households are affected. Several houses have reported the same problem.,WATER,No Water Supply,HIGH,5 days,Daily,51-100,No,Village area,English,Synthetic initial dataset
VCGIS-0215,I want to report uneven asphalt beside the government school. The problem has continued for 2 months. Two-wheelers are having difficulty using the stretch. The concerned department should check this location.,ROAD,Road Damage,HIGH,2 months,Daily,51-100,Yes,Public road,English,Synthetic initial dataset
VCGIS-0908,A cable has lost its insulation near the main junction 2 days. The area becomes difficult to use after dark. There is no warning sign around the affected equipment.,ELECTRICITY,Exposed Electrical Cable,CRITICAL,2 days,Continuously,21-50,Yes,Bus/transport area,English,Synthetic initial dataset
VCGIS-0222,Please check beside the public park. A badly damaged road surface and children and older people are finding it difficult to cross. This has been going on for 2 months. Please take appropriate corrective action.,ROAD,Road Damage,HIGH,2 months,Daily,51-100,Yes,Village area,English,Synthetic initial dataset
VCGIS-0900,"A cable is hanging near pedestrians in our residential layout. The issue has continued for 1 day, and several households are affected. The fault appears to be getting worse. Please inspect the issue and take necessary action.",ELECTRICITY,Broken/Low-Hanging Wire,CRITICAL,1 day,Continuously,21-50,Yes,Village area,English,Synthetic initial dataset
VCGIS-0391,"Part of the footpath is missing behind the local market. It has been like this for 1 month, and two-wheelers are having difficulty using the stretch. There is no warning sign around the damaged section. Please inspect the issue and take necessary action.",ROAD,Footpath Damage,MEDIUM,1 month,Frequently,21-50,No,College area,English,Synthetic initial dataset
VCGIS-1384,The water pump is not working beside the government school for 3 days. Nearby families are affected. Residents have already tried reporting the issue locally.,WATER,Pump Failure,HIGH,3 days,Daily,51-100,No,Residential area,English,Synthetic initial dataset
VCGIS-0211,I want to report cracks across the road near the playground. The problem has continued for 2 months. Pedestrians are being forced to move onto the road. The concerned department should check this location.,ROAD,Road Damage,HIGH,2 months,Daily,51-100,Yes,Village area,English,Synthetic initial dataset
VCGIS-1089,There is no water supply at the market junction for 5 days. People are struggling with daily water needs. Several houses have reported the same problem.,WATER,No Water Supply,HIGH,5 days,Daily,51-100,No,Village area,English,Synthetic initial dataset
VCGIS-1292,"Water is gushing from a broken pipeline near the hospital. It has continued for 1 day, and several households are affected. The issue is particularly difficult for elderly residents. The concerned department should check this location.",WATER,Pipeline Burst,HIGH,1 day,Continuously,51-100,Yes,Bus/transport area,English,Synthetic initial dataset
VCGIS-0039,I want to report a large pothole in our residential layout. The problem has continued for 3 days. Traffic slows down around the location. Kindly arrange a field inspection and repair.,ROAD,Pothole,LOW,3 days,Occasionally,6-20,No,Village area,English,Synthetic initial dataset
VCGIS-0825,I want to report the pole looks unstable at the market junction. It has been happening for 3 days. Shops and residents are facing disruption. The concerned department should check this location.,ELECTRICITY,Electrical Pole Damage,HIGH,3 days,Continuously,51-100,Yes,Public road,English,Synthetic initial dataset
VCGIS-1399,"The pumping system is down near the village office. It has continued for 3 days, and people are worried about using the water. The issue is particularly difficult for elderly residents. The concerned department should check this location.",WATER,Pump Failure,HIGH,3 days,Daily,51-100,No,Bus/transport area,English,Synthetic initial dataset
VCGIS-0672,In our residential layout has an electricity problem: several streetlights are off. There is no warning sign around the affected equipment. Please take appropriate corrective action.,ELECTRICITY,Streetlight Failure,MEDIUM,2 weeks,Daily,21-50,Yes,Public road,English,Synthetic initial dataset
VCGIS-0782,Close to the railway station has an electricity problem: the transformer is overheating. The issue has been noticed by several nearby residents. Please resolve the problem as soon as possible.,ELECTRICITY,Transformer Problem,CRITICAL,1 day,Continuously,More than 100,Yes,Bus/transport area,English,Synthetic initial dataset
VCGIS-0741,The transformer is making a loud noise beside the government school 2 days. Nearby homes are being affected. The fault appears to be getting worse.,ELECTRICITY,Transformer Problem,HIGH,2 days,Frequently,51-100,Yes,College area,English,Synthetic initial dataset
VCGIS-1170,Water pressure is very low on the main road for 1 week. People are struggling with daily water needs. The problem is becoming more frequent.,WATER,Low Water Pressure,MEDIUM,1 week,Daily,21-50,No,College area,English,Synthetic initial dataset
VCGIS-0522,The whole area has lost power close to the petrol bunk 1 day. Nearby homes are being affected. The fault appears to be getting worse.,ELECTRICITY,Power Outage,MEDIUM,1 day,Occasionally,21-50,No,Residential area,English,Synthetic initial dataset
VCGIS-1137,Close to the petrol bunk has a water problem: our taps are dry. The problem is becoming more frequent. Please take appropriate corrective action.,WATER,No Water Supply,CRITICAL,7 days,Continuously,More than 100,Yes,Bus/transport area,English,Synthetic initial dataset
VCGIS-0762,I want to report the transformer is making a loud noise near the college gate. It has been happening for 1 day. The area becomes difficult to use after dark. The concerned department should check this location.,ELECTRICITY,Transformer Problem,CRITICAL,1 day,Continuously,More than 100,Yes,College area,English,Synthetic initial dataset
VCGIS-0857,A wire is hanging very low beside the public park 1 day. The area becomes difficult to use after dark. The problem is worse after sunset.,ELECTRICITY,Broken/Low-Hanging Wire,CRITICAL,1 day,Continuously,21-50,Yes,College area,English,Synthetic initial dataset
VCGIS-0327,At the market junction has the road stays flooded after rain. It has been happening for 1 week and riders are having to suddenly change direction. There is no warning sign around the damaged section.,ROAD,Waterlogged Road,HIGH,1 week,Daily,51-100,Yes,College area,English,Synthetic initial dataset
VCGIS-1439,Close to the petrol bunk has a water problem: the water tank is not filling. People are having to depend on alternative sources. Please take appropriate corrective action.,WATER,Water Tank Problem,MEDIUM,2 weeks,Frequently,21-50,No,Residential area,English,Synthetic initial dataset
VCGIS-1367,On the main road has a water problem: the water pump is not working. People are having to depend on alternative sources. Kindly send a team to assess and fix the problem.,WATER,Pump Failure,HIGH,3 days,Daily,51-100,No,Residential area,English,Synthetic initial dataset
VCGIS-0243,"A broken road stretch close to the railway station. It has been like this for 2 months, and vehicles are struggling to pass. There is no warning sign around the damaged section. Please resolve the problem as soon as possible.",ROAD,Road Damage,HIGH,2 months,Daily,51-100,Yes,Market area,English,Synthetic initial dataset
VCGIS-0748,The transformer appears faulty close to the petrol bunk 2 days. Shops and residents are facing disruption. There is no warning sign around the affected equipment.,ELECTRICITY,Transformer Problem,HIGH,2 days,Frequently,51-100,Yes,Village area,English,Synthetic initial dataset
VCGIS-1031,The street has no water in our residential layout for 2 days. Several households are affected. Residents have already tried reporting the issue locally.,WATER,No Water Supply,MEDIUM,2 days,Daily,21-50,No,Bus/transport area,English,Synthetic initial dataset
VCGIS-1213,Please check near the college gate. A water pipeline is leaking and several households are affected. This has been happening for 4 days.,WATER,Pipeline Leakage,MEDIUM,4 days,Continuously,21-50,No,Public road,English,Synthetic initial dataset
VCGIS-1394,In our residential layout has a water problem: the supply pump has stopped. Residents have already tried reporting the issue locally. Kindly send a team to assess and fix the problem.,WATER,Pump Failure,HIGH,3 days,Daily,51-100,No,Market area,English,Synthetic initial dataset
VCGIS-0025,Near the college gate has a large pothole. It has been happening for 3 days and two-wheelers are having difficulty using the stretch. It is especially difficult to notice the damage at night.,ROAD,Pothole,LOW,3 days,Occasionally,6-20,No,Market area,English,Synthetic initial dataset
VCGIS-0797,Please check near the public library. The transformer is overheating and people are worried about electrical safety. The problem has existed for 1 day.,ELECTRICITY,Transformer Problem,CRITICAL,1 day,Continuously,More than 100,Yes,Residential area,English,Synthetic initial dataset
VCGIS-0428,There is a road issue beside the public park: the speed breaker is badly damaged. It happens frequently and has continued for 2 weeks. Traffic slows down around the location.,ROAD,Damaged Speed Breaker,HIGH,2 weeks,Frequently,21-50,Yes,College area,English,Synthetic initial dataset
VCGIS-0571,"The power is out close to the railway station. The issue has continued for 3 days, and visibility is poor in the evening. Residents are worried that someone could get hurt. The concerned department should check this location.",ELECTRICITY,Power Outage,HIGH,3 days,Daily,51-100,No,Bus/transport area,English,Synthetic initial dataset
VCGIS-0079,"Several potholes near the community hall. It has been like this for 2 weeks, and vehicles are struggling to pass. It is especially difficult to notice the damage at night. The concerned department should check this location.",ROAD,Pothole,MEDIUM,2 weeks,Frequently,21-50,No,Public road,English,Synthetic initial dataset
VCGIS-0208,Near the playground has cracks across the road. It has been happening for 2 months and traffic slows down around the location. People have complained about the same spot before.,ROAD,Road Damage,HIGH,2 months,Daily,51-100,Yes,Village area,English,Synthetic initial dataset
VCGIS-1278,"The supply pipe has burst beside the public park. It has continued for 1 day, and nearby families are affected. Several houses have reported the same problem. Kindly arrange a field inspection and repair.",WATER,Pipeline Burst,HIGH,1 day,Continuously,51-100,Yes,Bus/transport area,English,Synthetic initial dataset
VCGIS-1095,"The street has no water behind the local market. It has continued for 5 days, and residents are having to arrange water from elsewhere. Residents have already tried reporting the issue locally. Please inspect the issue and take necessary action.",WATER,No Water Supply,HIGH,5 days,Daily,51-100,No,Residential area,English,Synthetic initial dataset
VCGIS-1024,I want to report the street has no water beside the temple. The problem has been there for 2 days. People are struggling with daily water needs. Please take appropriate corrective action.,WATER,No Water Supply,MEDIUM,2 days,Daily,21-50,No,Residential area,English,Synthetic initial dataset
VCGIS-0865,Close to the railway station has an electricity problem: an electrical wire has come loose. There is no warning sign around the affected equipment. Please resolve the problem as soon as possible.,ELECTRICITY,Broken/Low-Hanging Wire,CRITICAL,1 day,Continuously,21-50,Yes,College area,English,Synthetic initial dataset
VCGIS-0833,The electric pole is leaning near the public library 3 days. Several households are affected. The issue has been noticed by several nearby residents.,ELECTRICITY,Electrical Pole Damage,HIGH,3 days,Continuously,51-100,Yes,College area,English,Synthetic initial dataset
VCGIS-0445,I want to report the speed breaker is uneven behind the local market. The problem has continued for 2 weeks. Children and older people are finding it difficult to cross. The concerned department should check this location.,ROAD,Damaged Speed Breaker,HIGH,2 weeks,Frequently,21-50,Yes,Market area,English,Synthetic initial dataset
VCGIS-1272,Close to the petrol bunk has a water problem: the supply pipe has burst. People are having to depend on alternative sources. Please resolve the problem as soon as possible.,WATER,Pipeline Burst,HIGH,1 day,Continuously,51-100,Yes,Residential area,English,Synthetic initial dataset
VCGIS-0427,"The speed breaker is badly damaged near the playground. It has been like this for 2 weeks, and children and older people are finding it difficult to cross. There is no warning sign around the damaged section. The concerned department should check this location.",ROAD,Damaged Speed Breaker,HIGH,2 weeks,Frequently,21-50,Yes,College area,English,Synthetic initial dataset
VCGIS-0897,"A cable is hanging near pedestrians near the college gate. The issue has continued for 1 day, and people are worried about electrical safety. Residents are worried that someone could get hurt. Please resolve the problem as soon as possible.",ELECTRICITY,Broken/Low-Hanging Wire,CRITICAL,1 day,Continuously,21-50,Yes,Market area,English,Synthetic initial dataset
VCGIS-0845,Near the playground has an electricity problem: the pole looks unstable. The problem is worse after sunset. Please take appropriate corrective action.,ELECTRICITY,Electrical Pole Damage,HIGH,3 days,Continuously,51-100,Yes,College area,English,Synthetic initial dataset
VCGIS-0467,I want to report the manhole is raised above the road near the hospital. The problem has continued for 3 days. Children and older people are finding it difficult to cross. Please inspect the issue and take necessary action.,ROAD,Damaged Manhole,CRITICAL,3 days,Continuously,51-100,Yes,Public road,English,Synthetic initial dataset
VCGIS-1337,Please check at the market junction. The borewell has failed and nearby families are affected. This has been happening for 1 week.,WATER,Borewell Failure,HIGH,1 week,Daily,51-100,No,Residential area,English,Synthetic initial dataset
VCGIS-0817,The pole has visible cracks near the apartment entrance 3 days. Visibility is poor in the evening. The fault appears to be getting worse.,ELECTRICITY,Electrical Pole Damage,HIGH,3 days,Continuously,51-100,Yes,College area,English,Synthetic initial dataset
VCGIS-0315,"Water is collecting across the road close to the railway station. It has been like this for 1 week, and vehicles are struggling to pass. People have complained about the same spot before. Please resolve the problem as soon as possible.",ROAD,Waterlogged Road,HIGH,1 week,Daily,51-100,Yes,Bus/transport area,English,Synthetic initial dataset
VCGIS-0789,Near the hospital has an electricity problem: the transformer has stopped working. The issue has been noticed by several nearby residents. The concerned department should check this location.,ELECTRICITY,Transformer Problem,CRITICAL,1 day,Continuously,More than 100,Yes,Public road,English,Synthetic initial dataset
VCGIS-0805,I want to report the pole has visible cracks near the main junction. It has been happening for 3 days. Visibility is poor in the evening. Please resolve the problem as soon as possible.,ELECTRICITY,Electrical Pole Damage,HIGH,3 days,Continuously,51-100,Yes,Bus/transport area,English,Synthetic initial dataset
VCGIS-0954,Please check beside the public park. There are repeated sparks near the connection and the area becomes difficult to use after dark. The problem has existed for 1 day.,ELECTRICITY,Sparking,CRITICAL,1 day,Frequently,21-50,Yes,Public road,English,Synthetic initial dataset
VCGIS-0639,There is no electricity behind the local market 1 day. The area becomes difficult to use after dark. There is no warning sign around the affected equipment.,ELECTRICITY,Power Outage,CRITICAL,1 day,Continuously,More than 100,Yes,College area,English,Synthetic initial dataset
VCGIS-0793,I want to report the transformer is making a loud noise near the main junction. It has been happening for 1 day. Visibility is poor in the evening. Please resolve the problem as soon as possible.,ELECTRICITY,Transformer Problem,CRITICAL,1 day,Continuously,More than 100,Yes,Village area,English,Synthetic initial dataset
VCGIS-0629,I want to report the power is out beside the government school. It has been happening for 1 day. The area becomes difficult to use after dark. The concerned department should check this location.,ELECTRICITY,Power Outage,CRITICAL,1 day,Continuously,More than 100,Yes,Public road,English,Synthetic initial dataset
VCGIS-0864,"A wire appears to be sagging dangerously near the bus stop. The issue has continued for 1 day, and people are worried about electrical safety. There is no warning sign around the affected equipment. Kindly arrange a field inspection and repair.",ELECTRICITY,Broken/Low-Hanging Wire,CRITICAL,1 day,Continuously,21-50,Yes,Market area,English,Synthetic initial dataset
VCGIS-0530,The whole area has lost power at the market junction 1 day. The area becomes difficult to use after dark. The problem is worse after sunset.,ELECTRICITY,Power Outage,MEDIUM,1 day,Occasionally,21-50,No,Public road,English,Synthetic initial dataset
VCGIS-0471,In our residential layout has an open manhole is present. It has been happening for 3 days and riders are having to suddenly change direction. A two-wheeler nearly lost balance there recently.,ROAD,Damaged Manhole,CRITICAL,3 days,Continuously,51-100,Yes,Village area,English,Synthetic initial dataset
VCGIS-1060,Our taps are dry near the hospital for 5 days. Several households are affected. Residents have already tried reporting the issue locally.,WATER,No Water Supply,HIGH,5 days,Daily,51-100,No,Public road,English,Synthetic initial dataset
VCGIS-1329,I want to report the borewell pump has stopped behind the local market. The problem has been there for 1 week. Nearby families are affected. Kindly send a team to assess and fix the problem.,WATER,Borewell Failure,HIGH,1 week,Daily,51-100,No,Market area,English,Synthetic initial dataset
VCGIS-0550,I want to report there is no electricity in our residential layout. It has been happening for 1 day. Visibility is poor in the evening. The concerned department should check this location.,ELECTRICITY,Power Outage,MEDIUM,1 day,Occasionally,21-50,No,Residential area,English,Synthetic initial dataset
VCGIS-0893,Please check on the main road. An electrical wire has come loose and visibility is poor in the evening. The problem has existed for 1 day.,ELECTRICITY,Broken/Low-Hanging Wire,CRITICAL,1 day,Continuously,21-50,Yes,Market area,English,Synthetic initial dataset
VCGIS-1434,"The water tank is not filling beside the government school. It has continued for 2 weeks, and people are worried about using the water. Residents have already tried reporting the issue locally. Please inspect the issue and take necessary action.",WATER,Water Tank Problem,MEDIUM,2 weeks,Frequently,21-50,No,Village area,English,Synthetic initial dataset
VCGIS-1456,I want to report the water is unusually dirty at the market junction. The problem has been there for 2 days. People are struggling with daily water needs. Kindly send a team to assess and fix the problem.,WATER,Water Contamination,CRITICAL,2 days,Continuously,51-100,Yes,Market area,English,Synthetic initial dataset
VCGIS-0691,"The streetlight is not working close to the petrol bunk. The issue has continued for 2 weeks, and nearby homes are being affected. The issue has been noticed by several nearby residents. Kindly send a team to assess and fix the problem.",ELECTRICITY,Streetlight Failure,MEDIUM,2 weeks,Daily,21-50,Yes,Market area,English,Synthetic initial dataset
VCGIS-0492,"The manhole is raised above the road close to the petrol bunk. It has been like this for 3 days, and children and older people are finding it difficult to cross. It is especially difficult to notice the damage at night. The concerned department should check this location.",ROAD,Damaged Manhole,CRITICAL,3 days,Continuously,51-100,Yes,Public road,English,Synthetic initial dataset
VCGIS-0339,I want to report the road is badly waterlogged in our residential layout. The problem has continued for 1 week. Pedestrians are being forced to move onto the road. Please take appropriate corrective action.,ROAD,Waterlogged Road,HIGH,1 week,Daily,51-100,Yes,Village area,English,Synthetic initial dataset
VCGIS-0188,"A broken road stretch beside the temple. It has been like this for 2 weeks, and riders are having to suddenly change direction. People have complained about the same spot before. Kindly arrange a field inspection and repair.",ROAD,Road Damage,MEDIUM,2 weeks,Frequently,21-50,No,College area,English,Synthetic initial dataset
VCGIS-0314,I want to report rainwater is covering the road in our residential layout. The problem has continued for 1 week. Children and older people are finding it difficult to cross. Kindly arrange a field inspection and repair.,ROAD,Waterlogged Road,HIGH,1 week,Daily,51-100,Yes,Bus/transport area,English,Synthetic initial dataset
VCGIS-0151,Please check close to the petrol bunk. Uneven asphalt and traffic slows down around the location. This has been going on for 2 weeks. Please take appropriate corrective action.,ROAD,Road Damage,HIGH,2 weeks,Frequently,21-50,No,Public road,English,Synthetic initial dataset
VCGIS-0565,Please check on the main road. The whole area has lost power and shops and residents are facing disruption. The problem has existed for 3 days.,ELECTRICITY,Power Outage,HIGH,3 days,Daily,51-100,No,Bus/transport area,English,Synthetic initial dataset
VCGIS-0994,Beside the temple has an electricity problem: there are repeated sparks near the connection. Residents are worried that someone could get hurt. Please take appropriate corrective action.,ELECTRICITY,Sparking,CRITICAL,1 day,Frequently,21-50,Yes,Residential area,English,Synthetic initial dataset
VCGIS-0393,Beside the temple has the footpath has become uneven. It has been happening for 1 month and two-wheelers are having difficulty using the stretch. It is especially difficult to notice the damage at night.,ROAD,Footpath Damage,MEDIUM,1 month,Frequently,21-50,No,Bus/transport area,English,Synthetic initial dataset
VCGIS-0477,Please check beside the government school. The manhole is raised above the road and pedestrians are being forced to move onto the road. This has been going on for 3 days. Kindly send a team to assess and fix the problem.,ROAD,Damaged Manhole,CRITICAL,3 days,Continuously,51-100,Yes,Public road,English,Synthetic initial dataset
VCGIS-1238,"A water pipeline is leaking near the hospital. It has continued for 4 days, and the issue is disrupting normal household activities. People are having to depend on alternative sources. Please take appropriate corrective action.",WATER,Pipeline Leakage,MEDIUM,4 days,Continuously,21-50,No,Public road,English,Synthetic initial dataset
VCGIS-0092,I want to report several potholes at the market junction. The problem has continued for 2 weeks. Pedestrians are being forced to move onto the road. Please resolve the problem as soon as possible.,ROAD,Pothole,MEDIUM,2 weeks,Frequently,21-50,No,Village area,English,Synthetic initial dataset
VCGIS-0074,I want to report a dangerous pothole on the main road. The problem has continued for 2 weeks. Traffic slows down around the location. Please take appropriate corrective action.,ROAD,Pothole,MEDIUM,2 weeks,Frequently,21-50,No,Village area,English,Synthetic initial dataset
VCGIS-0278,Near the main junction has part of the road has collapsed. It has been happening for 1 day and two-wheelers are having difficulty using the stretch. There is no warning sign around the damaged section.,ROAD,Road Collapse,CRITICAL,1 day,Continuously,More than 100,Yes,College area,English,Synthetic initial dataset
VCGIS-0480,I want to report the manhole cover is broken in our residential layout. The problem has continued for 3 days. Vehicles are struggling to pass. Kindly send a team to assess and fix the problem.,ROAD,Damaged Manhole,CRITICAL,3 days,Continuously,51-100,Yes,Village area,English,Synthetic initial dataset
VCGIS-0642,Please check close to the railway station. The power is out and people are worried about electrical safety. The problem has existed for 1 day.,ELECTRICITY,Power Outage,CRITICAL,1 day,Continuously,More than 100,Yes,Market area,English,Synthetic initial dataset
VCGIS-1189,Water pressure is very low on the main road for 1 week. People are worried about using the water. People are having to depend on alternative sources.,WATER,Low Water Pressure,MEDIUM,1 week,Daily,21-50,No,Residential area,English,Synthetic initial dataset
VCGIS-0757,Please check near the apartment entrance. The transformer appears faulty and shops and residents are facing disruption. The problem has existed for 1 day.,ELECTRICITY,Transformer Problem,CRITICAL,1 day,Continuously,More than 100,Yes,Market area,English,Synthetic initial dataset
VCGIS-0568,"Electricity keeps going off at the market junction. The issue has continued for 3 days, and nearby homes are being affected. There is no warning sign around the affected equipment. Please take appropriate corrective action.",ELECTRICITY,Power Outage,CRITICAL,3 days,Daily,51-100,No,Market area,English,Synthetic initial dataset
VCGIS-1467,I want to report the tap water has a bad smell at the market junction. The problem has been there for 2 days. Several households are affected. The concerned department should check this location.,WATER,Water Contamination,CRITICAL,2 days,Continuously,51-100,Yes,Bus/transport area,English,Synthetic initial dataset
VCGIS-1483,"People are reporting unsafe-looking drinking water beside the government school. It has continued for 2 days, and residents are having to arrange water from elsewhere. Several houses have reported the same problem. The concerned department should check this location.",WATER,Water Contamination,CRITICAL,2 days,Continuously,51-100,Yes,Public road,English,Synthetic initial dataset
VCGIS-0027,Please check near the main junction. Several potholes and children and older people are finding it difficult to cross. This has been going on for 3 days. Please inspect the issue and take necessary action.,ROAD,Pothole,LOW,3 days,Occasionally,6-20,No,College area,English,Synthetic initial dataset
VCGIS-0647,Please check close to the petrol bunk. The power is out and nearby homes are being affected. The problem has existed for 1 day.,ELECTRICITY,Power Outage,CRITICAL,1 day,Continuously,More than 100,Yes,Village area,English,Synthetic initial dataset
VCGIS-1244,There is a continuous pipe leak near the playground for 4 days. People are struggling with daily water needs. The problem is becoming more frequent.,WATER,Pipeline Leakage,MEDIUM,4 days,Continuously,21-50,No,Residential area,English,Synthetic initial dataset
VCGIS-1103,I want to report there is no water supply at the market junction. The problem has been there for 7 days. Residents are having to arrange water from elsewhere. The concerned department should check this location.,WATER,No Water Supply,CRITICAL,7 days,Continuously,More than 100,Yes,Residential area,English,Synthetic initial dataset
VCGIS-0396,There is a road issue beside the public park: the footpath has become uneven. It happens frequently and has continued for 1 month. Riders are having to suddenly change direction.,ROAD,Footpath Damage,MEDIUM,1 month,Frequently,21-50,No,Bus/transport area,English,Synthetic initial dataset
VCGIS-0993,In our residential layout has an electricity problem: sparks are coming from the electrical equipment. There is no warning sign around the affected equipment. Please inspect the issue and take necessary action.,ELECTRICITY,Sparking,CRITICAL,1 day,Frequently,21-50,Yes,Market area,English,Synthetic initial dataset
VCGIS-0675,Please check beside the temple. Several streetlights are off and shops and residents are facing disruption. The problem has existed for 2 weeks.,ELECTRICITY,Streetlight Failure,MEDIUM,2 weeks,Daily,21-50,Yes,Bus/transport area,English,Synthetic initial dataset
VCGIS-0190,Please check close to the petrol bunk. A badly damaged road surface and children and older people are finding it difficult to cross. This has been going on for 2 weeks. Please inspect the issue and take necessary action.,ROAD,Road Damage,MEDIUM,2 weeks,Frequently,21-50,No,Market area,English,Synthetic initial dataset
VCGIS-1100,"There is no water supply at the market junction. It has continued for 5 days, and nearby families are affected. The problem is becoming more frequent. Please take appropriate corrective action.",WATER,No Water Supply,HIGH,5 days,Daily,51-100,No,Public road,English,Synthetic initial dataset
VCGIS-0625,I want to report electricity keeps going off near the bus stop. It has been happening for 1 day. People are worried about electrical safety. Please take appropriate corrective action.,ELECTRICITY,Power Outage,CRITICAL,1 day,Continuously,More than 100,Yes,Residential area,English,Synthetic initial dataset
VCGIS-0596,The whole area has lost power beside the government school 3 days. Shops and residents are facing disruption. The problem is worse after sunset.,ELECTRICITY,Power Outage,HIGH,3 days,Daily,51-100,No,Market area,English,Synthetic initial dataset
VCGIS-1146,There is no water supply near the public library for 7 days. People are worried about using the water. Several houses have reported the same problem.,WATER,No Water Supply,CRITICAL,7 days,Continuously,More than 100,Yes,Market area,English,Synthetic initial dataset
VCGIS-1092,There is no water supply close to the railway station for 5 days. People are worried about using the water. The problem is becoming more frequent.,WATER,No Water Supply,HIGH,5 days,Daily,51-100,No,Market area,English,Synthetic initial dataset
VCGIS-0244,I want to report uneven asphalt near the apartment entrance. The problem has continued for 2 months. Traffic slows down around the location. Please take appropriate corrective action.,ROAD,Road Damage,HIGH,2 months,Daily,51-100,Yes,Residential area,English,Synthetic initial dataset
VCGIS-0461,"The manhole cover is missing near the village office. It has been like this for 3 days, and children and older people are finding it difficult to cross. A two-wheeler nearly lost balance there recently. Please inspect the issue and take necessary action.",ROAD,Damaged Manhole,CRITICAL,3 days,Continuously,51-100,Yes,Residential area,English,Synthetic initial dataset
VCGIS-1064,Please check in our residential layout. Water has stopped coming and the issue is disrupting normal household activities. This has been happening for 5 days.,WATER,No Water Supply,HIGH,5 days,Daily,51-100,No,Village area,English,Synthetic initial dataset
VCGIS-0198,I want to report cracks across the road on the main road. The problem has continued for 2 weeks. Riders are having to suddenly change direction. The concerned department should check this location.,ROAD,Road Damage,MEDIUM,2 weeks,Frequently,21-50,No,Village area,English,Synthetic initial dataset
VCGIS-0600,I want to report the power is out beside the government school. It has been happening for 3 days. Several households are affected. Kindly arrange a field inspection and repair.,ELECTRICITY,Power Outage,HIGH,3 days,Daily,51-100,No,Bus/transport area,English,Synthetic initial dataset
VCGIS-0859,"An electrical wire has come loose near the public library. The issue has continued for 1 day, and shops and residents are facing disruption. Residents are worried that someone could get hurt. Please inspect the issue and take necessary action.",ELECTRICITY,Broken/Low-Hanging Wire,CRITICAL,1 day,Continuously,21-50,Yes,Bus/transport area,English,Synthetic initial dataset
VCGIS-1438,I want to report the community tank is damaged near the public library. The problem has been there for 2 weeks. People are struggling with daily water needs. Kindly send a team to assess and fix the problem.,WATER,Water Tank Problem,MEDIUM,2 weeks,Frequently,21-50,No,Public road,English,Synthetic initial dataset
VCGIS-1139,Please check near the village office. There is no water supply and people are struggling with daily water needs. This has been happening for 7 days.,WATER,No Water Supply,CRITICAL,7 days,Continuously,More than 100,Yes,Residential area,English,Synthetic initial dataset
VCGIS-0226,"A broken road stretch near the public library. It has been like this for 2 months, and vehicles are struggling to pass. It is especially difficult to notice the damage at night. Please take appropriate corrective action.",ROAD,Road Damage,HIGH,2 months,Daily,51-100,Yes,Bus/transport area,English,Synthetic initial dataset
VCGIS-1461,Please check near the main junction. People are reporting unsafe-looking drinking water and several households are affected. This has been happening for 2 days.,WATER,Water Contamination,CRITICAL,2 days,Continuously,51-100,Yes,College area,English,Synthetic initial dataset
VCGIS-1421,Please check near the playground. The community tank is damaged and nearby families are affected. This has been happening for 2 weeks.,WATER,Water Tank Problem,MEDIUM,2 weeks,Frequently,21-50,No,Market area,English,Synthetic initial dataset
VCGIS-0127,Please check near the apartment entrance. A large pothole and two-wheelers are having difficulty using the stretch. This has been going on for 1 month. Please inspect the issue and take necessary action.,ROAD,Pothole,HIGH,1 month,Daily,51-100,Yes,College area,English,Synthetic initial dataset
VCGIS-0633,Near the village office has an electricity problem: there is no electricity. The problem is worse after sunset. Please take appropriate corrective action.,ELECTRICITY,Power Outage,CRITICAL,1 day,Continuously,More than 100,Yes,Residential area,English,Synthetic initial dataset
VCGIS-1363,I want to report the supply pump has stopped near the hospital. The problem has been there for 3 days. Residents are having to arrange water from elsewhere. The concerned department should check this location.,WATER,Pump Failure,HIGH,3 days,Daily,51-100,No,Bus/transport area,English,Synthetic initial dataset
VCGIS-0276,Please check near the public library. Part of the road has collapsed and vehicles are struggling to pass. This has been going on for 1 day. The concerned department should check this location.,ROAD,Road Collapse,CRITICAL,1 day,Continuously,More than 100,Yes,Public road,English,Synthetic initial dataset
VCGIS-1428,I want to report the local tank is not supplying water near the hospital. The problem has been there for 2 weeks. Residents are having to arrange water from elsewhere. Please resolve the problem as soon as possible.,WATER,Water Tank Problem,MEDIUM,2 weeks,Frequently,21-50,No,Bus/transport area,English,Synthetic initial dataset
VCGIS-0877,Close to the railway station has an electricity problem: a wire appears to be sagging dangerously. The issue has been noticed by several nearby residents. The concerned department should check this location.,ELECTRICITY,Broken/Low-Hanging Wire,CRITICAL,1 day,Continuously,21-50,Yes,Bus/transport area,English,Synthetic initial dataset
VCGIS-0851,Near the college gate has an electricity problem: an electrical wire has come loose. The problem is worse after sunset. Please resolve the problem as soon as possible.,ELECTRICITY,Broken/Low-Hanging Wire,HIGH,1 day,Continuously,21-50,Yes,Bus/transport area,English,Synthetic initial dataset
VCGIS-0085,Please check beside the temple. A large pothole and riders are having to suddenly change direction. This has been going on for 2 weeks. Please inspect the issue and take necessary action.,ROAD,Pothole,HIGH,2 weeks,Frequently,21-50,No,Market area,English,Synthetic initial dataset
VCGIS-0197,"Cracks across the road near the village office. It has been like this for 2 weeks, and vehicles are struggling to pass. It is especially difficult to notice the damage at night. Please resolve the problem as soon as possible.",ROAD,Road Damage,MEDIUM,2 weeks,Frequently,21-50,No,Village area,English,Synthetic initial dataset
VCGIS-0614,I want to report the power is out on the main road. It has been happening for 1 day. The area becomes difficult to use after dark. Please take appropriate corrective action.,ELECTRICITY,Power Outage,CRITICAL,1 day,Continuously,More than 100,Yes,Bus/transport area,English,Synthetic initial dataset
VCGIS-0049,I want to report deep potholes beside the government school. The problem has continued for 3 days. Pedestrians are being forced to move onto the road. Kindly arrange a field inspection and repair.,ROAD,Pothole,LOW,3 days,Occasionally,6-20,No,Public road,English,Synthetic initial dataset
VCGIS-0312,Near the college gate has the road is badly waterlogged. It has been happening for 1 week and vehicles are struggling to pass. There is no warning sign around the damaged section.,ROAD,Waterlogged Road,HIGH,1 week,Daily,51-100,Yes,Bus/transport area,English,Synthetic initial dataset
VCGIS-0024,Please check at the market junction. A dangerous pothole and vehicles are struggling to pass. This has been going on for 3 days. Please inspect the issue and take necessary action.,ROAD,Pothole,LOW,3 days,Occasionally,6-20,No,Public road,English,Synthetic initial dataset
VCGIS-0617,I want to report there is no electricity close to the petrol bunk. It has been happening for 1 day. The area becomes difficult to use after dark. Kindly arrange a field inspection and repair.,ELECTRICITY,Power Outage,CRITICAL,1 day,Continuously,More than 100,Yes,Market area,English,Synthetic initial dataset
VCGIS-1300,A main pipe has broken near the playground for 1 day. People are struggling with daily water needs. Several houses have reported the same problem.,WATER,Pipeline Burst,HIGH,1 day,Continuously,51-100,Yes,Bus/transport area,English,Synthetic initial dataset
VCGIS-1026,The street has no water close to the petrol bunk for 2 days. People are struggling with daily water needs. Several houses have reported the same problem.,WATER,No Water Supply,MEDIUM,2 days,Daily,21-50,No,Village area,English,Synthetic initial dataset
VCGIS-0798,The transformer is making a loud noise near the bus stop 1 day. Nearby homes are being affected. There is no warning sign around the affected equipment.,ELECTRICITY,Transformer Problem,CRITICAL,1 day,Continuously,More than 100,Yes,Public road,English,Synthetic initial dataset
VCGIS-0567,The power is out near the public library 3 days. The area becomes difficult to use after dark. Residents are worried that someone could get hurt.,ELECTRICITY,Power Outage,HIGH,3 days,Daily,51-100,No,Bus/transport area,English,Synthetic initial dataset
VCGIS-0886,Near the village office has an electricity problem: a wire appears to be sagging dangerously. The problem is worse after sunset. Please inspect the issue and take necessary action.,ELECTRICITY,Broken/Low-Hanging Wire,CRITICAL,1 day,Continuously,21-50,Yes,Village area,English,Synthetic initial dataset
VCGIS-0077,Please check at the market junction. A dangerous pothole and vehicles are struggling to pass. This has been going on for 2 weeks. Kindly arrange a field inspection and repair.,ROAD,Pothole,MEDIUM,2 weeks,Frequently,21-50,No,Bus/transport area,English,Synthetic initial dataset
VCGIS-0465,"The manhole cover is broken behind the local market. It has been like this for 3 days, and traffic slows down around the location. There is no warning sign around the damaged section. Kindly arrange a field inspection and repair.",ROAD,Damaged Manhole,CRITICAL,3 days,Continuously,51-100,Yes,Public road,English,Synthetic initial dataset
VCGIS-0683,Behind the local market has an electricity problem: the street is dark because the light is off. There is no warning sign around the affected equipment. Please inspect the issue and take necessary action.,ELECTRICITY,Streetlight Failure,MEDIUM,2 weeks,Daily,21-50,Yes,College area,English,Synthetic initial dataset
VCGIS-0850,I want to report the electric pole is leaning near the bus stop. It has been happening for 3 days. Nearby homes are being affected. Please resolve the problem as soon as possible.,ELECTRICITY,Electrical Pole Damage,HIGH,3 days,Continuously,51-100,Yes,Bus/transport area,English,Synthetic initial dataset
VCGIS-0270,"Part of the road has collapsed near the playground. It has been like this for 1 day, and pedestrians are being forced to move onto the road. People have complained about the same spot before. Please take appropriate corrective action.",ROAD,Road Collapse,CRITICAL,1 day,Continuously,More than 100,Yes,Bus/transport area,English,Synthetic initial dataset
VCGIS-1389,Please check behind the local market. The pump appears to have failed and nearby families are affected. This has been happening for 3 days.,WATER,Pump Failure,HIGH,3 days,Daily,51-100,No,Bus/transport area,English,Synthetic initial dataset
VCGIS-0616,Please check near the bus stop. The power is out and people are worried about electrical safety. The problem has existed for 1 day.,ELECTRICITY,Power Outage,CRITICAL,1 day,Continuously,More than 100,Yes,College area,English,Synthetic initial dataset
VCGIS-0872,Please check beside the temple. A wire is hanging very low and shops and residents are facing disruption. The problem has existed for 1 day.,ELECTRICITY,Broken/Low-Hanging Wire,CRITICAL,1 day,Continuously,21-50,Yes,College area,English,Synthetic initial dataset
VCGIS-0496,"The manhole cover is missing beside the government school. It has been like this for 3 days, and vehicles are struggling to pass. A two-wheeler nearly lost balance there recently. Please take appropriate corrective action.",ROAD,Damaged Manhole,CRITICAL,3 days,Continuously,51-100,Yes,Bus/transport area,English,Synthetic initial dataset
VCGIS-0462,"An open manhole is present at the market junction. It has been like this for 3 days, and children and older people are finding it difficult to cross. It is especially difficult to notice the damage at night. Kindly arrange a field inspection and repair.",ROAD,Damaged Manhole,CRITICAL,3 days,Continuously,51-100,Yes,Public road,English,Synthetic initial dataset
VCGIS-1383,The supply pump has stopped beside the temple for 3 days. Several households are affected. The issue is particularly difficult for elderly residents.,WATER,Pump Failure,HIGH,3 days,Daily,51-100,No,Public road,English,Synthetic initial dataset
VCGIS-1343,"The borewell has failed close to the petrol bunk. It has continued for 1 week, and several households are affected. The issue is particularly difficult for elderly residents. Kindly arrange a field inspection and repair.",WATER,Borewell Failure,HIGH,1 week,Daily,51-100,No,Bus/transport area,English,Synthetic initial dataset
VCGIS-1229,"A water pipeline is leaking in our residential layout. It has continued for 4 days, and nearby families are affected. Residents have already tried reporting the issue locally. Please take appropriate corrective action.",WATER,Pipeline Leakage,MEDIUM,4 days,Continuously,21-50,No,Bus/transport area,English,Synthetic initial dataset
VCGIS-1311,In our residential layout has a water problem: the borewell pump has stopped. The issue is particularly difficult for elderly residents. Please inspect the issue and take necessary action.,WATER,Borewell Failure,HIGH,1 week,Daily,51-100,No,College area,English,Synthetic initial dataset
VCGIS-1270,Water is gushing from a broken pipeline in our residential layout for 1 day. Residents are having to arrange water from elsewhere. Several houses have reported the same problem.,WATER,Pipeline Burst,HIGH,1 day,Continuously,51-100,Yes,College area,English,Synthetic initial dataset
VCGIS-0654,Please check near the playground. Several streetlights are off and several households are affected. The problem has existed for 2 weeks.,ELECTRICITY,Streetlight Failure,MEDIUM,2 weeks,Daily,21-50,Yes,Market area,English,Synthetic initial dataset
VCGIS-1404,The water tank is overflowing behind the local market for 2 weeks. People are worried about using the water. People are having to depend on alternative sources.,WATER,Water Tank Problem,MEDIUM,2 weeks,Frequently,21-50,No,Market area,English,Synthetic initial dataset
VCGIS-1011,"Water has stopped coming close to the petrol bunk. It has continued for 2 days, and residents are having to arrange water from elsewhere. Several houses have reported the same problem. Please resolve the problem as soon as possible.",WATER,No Water Supply,MEDIUM,2 days,Daily,21-50,No,Public road,English,Synthetic initial dataset
VCGIS-0622,Near the apartment entrance has an electricity problem: there is no electricity. The fault appears to be getting worse. Please resolve the problem as soon as possible.,ELECTRICITY,Power Outage,CRITICAL,1 day,Continuously,More than 100,Yes,College area,English,Synthetic initial dataset
VCGIS-0526,I want to report the power is out near the village office. It has been happening for 1 day. Visibility is poor in the evening. Please inspect the issue and take necessary action.,ELECTRICITY,Power Outage,MEDIUM,1 day,Occasionally,21-50,No,Public road,English,Synthetic initial dataset
VCGIS-0869,A wire is hanging very low near the apartment entrance 1 day. Nearby homes are being affected. Residents are worried that someone could get hurt.,ELECTRICITY,Broken/Low-Hanging Wire,CRITICAL,1 day,Continuously,21-50,Yes,Residential area,English,Synthetic initial dataset
VCGIS-1284,The water pipeline has burst at the market junction for 1 day. Several households are affected. Residents have already tried reporting the issue locally.,WATER,Pipeline Burst,HIGH,1 day,Continuously,51-100,Yes,College area,English,Synthetic initial dataset
VCGIS-1259,The supply pipe has burst near the public library for 1 day. The issue is disrupting normal household activities. The issue is particularly difficult for elderly residents.,WATER,Pipeline Burst,HIGH,1 day,Continuously,51-100,Yes,Bus/transport area,English,Synthetic initial dataset
VCGIS-0533,Please check near the college gate. Electricity keeps going off and several households are affected. The problem has existed for 1 day.,ELECTRICITY,Power Outage,MEDIUM,1 day,Occasionally,21-50,No,Residential area,English,Synthetic initial dataset
VCGIS-0451,Please check near the community hall. An open manhole is present and pedestrians are being forced to move onto the road. This has been going on for 3 days. Please resolve the problem as soon as possible.,ROAD,Damaged Manhole,HIGH,3 days,Continuously,51-100,Yes,Public road,English,Synthetic initial dataset
VCGIS-0963,I want to report sparks are coming from the electrical equipment near the college gate. It has been happening for 1 day. The area becomes difficult to use after dark. Please take appropriate corrective action.,ELECTRICITY,Sparking,CRITICAL,1 day,Frequently,21-50,Yes,Market area,English,Synthetic initial dataset
VCGIS-0015,Please check beside the government school. A dangerous pothole and children and older people are finding it difficult to cross. This has been going on for 3 days. Kindly send a team to assess and fix the problem.,ROAD,Pothole,LOW,3 days,Occasionally,6-20,No,Bus/transport area,English,Synthetic initial dataset
VCGIS-1294,I want to report a main pipe has broken near the college gate. The problem has been there for 1 day. People are worried about using the water. Please inspect the issue and take necessary action.,WATER,Pipeline Burst,HIGH,1 day,Continuously,51-100,Yes,College area,English,Synthetic initial dataset
VCGIS-0053,Please check near the college gate. Several potholes and riders are having to suddenly change direction. This has been going on for 2 weeks. Kindly send a team to assess and fix the problem.,ROAD,Pothole,MEDIUM,2 weeks,Frequently,21-50,No,Residential area,English,Synthetic initial dataset
VCGIS-0693,I want to report several streetlights are off near the public library. It has been happening for 2 weeks. Visibility is poor in the evening. Please resolve the problem as soon as possible.,ELECTRICITY,Streetlight Failure,MEDIUM,2 weeks,Daily,21-50,Yes,Village area,English,Synthetic initial dataset
VCGIS-0694,"The street is dark because the light is off beside the government school. The issue has continued for 2 weeks, and shops and residents are facing disruption. The fault appears to be getting worse. Please take appropriate corrective action.",ELECTRICITY,Streetlight Failure,MEDIUM,2 weeks,Daily,21-50,Yes,Village area,English,Synthetic initial dataset
VCGIS-0317,There is a road issue near the apartment entrance: the road is badly waterlogged. It happens daily and has continued for 1 week. Traffic slows down around the location.,ROAD,Waterlogged Road,HIGH,1 week,Daily,51-100,Yes,Market area,English,Synthetic initial dataset
VCGIS-0273,"Part of the road has collapsed on the main road. It has been like this for 1 day, and two-wheelers are having difficulty using the stretch. It is especially difficult to notice the damage at night. Kindly send a team to assess and fix the problem.",ROAD,Road Collapse,CRITICAL,1 day,Continuously,More than 100,Yes,Market area,English,Synthetic initial dataset
VCGIS-1055,Our taps are dry near the bus stop for 5 days. Residents are having to arrange water from elsewhere. Residents have already tried reporting the issue locally.,WATER,No Water Supply,HIGH,5 days,Daily,51-100,No,Market area,English,Synthetic initial dataset
VCGIS-0528,I want to report the whole area has lost power at the market junction. It has been happening for 1 day. Nearby homes are being affected. Kindly send a team to assess and fix the problem.,ELECTRICITY,Power Outage,MEDIUM,1 day,Occasionally,21-50,No,College area,English,Synthetic initial dataset
VCGIS-0538,I want to report the power is out close to the railway station. It has been happening for 1 day. The area becomes difficult to use after dark. Please inspect the issue and take necessary action.,ELECTRICITY,Power Outage,MEDIUM,1 day,Occasionally,21-50,No,Public road,English,Synthetic initial dataset
VCGIS-1205,Beside the government school has a water problem: there is a continuous pipe leak. The issue is particularly difficult for elderly residents. The concerned department should check this location.,WATER,Pipeline Leakage,MEDIUM,4 days,Continuously,21-50,No,Village area,English,Synthetic initial dataset
VCGIS-1293,Close to the petrol bunk has a water problem: water is gushing from a broken pipeline. The issue is particularly difficult for elderly residents. Please inspect the issue and take necessary action.,WATER,Pipeline Burst,HIGH,1 day,Continuously,51-100,Yes,College area,English,Synthetic initial dataset
VCGIS-0204,There is a road issue behind the local market: a badly damaged road surface. It happens daily and has continued for 2 months. Pedestrians are being forced to move onto the road.,ROAD,Road Damage,HIGH,2 months,Daily,51-100,Yes,Residential area,English,Synthetic initial dataset
VCGIS-1245,Water is leaking from the main pipe at the market junction for 4 days. Residents are having to arrange water from elsewhere. Several houses have reported the same problem.,WATER,Pipeline Leakage,MEDIUM,4 days,Continuously,21-50,No,Bus/transport area,English,Synthetic initial dataset
VCGIS-0036,I want to report several potholes close to the petrol bunk. The problem has continued for 3 days. Children and older people are finding it difficult to cross. Please resolve the problem as soon as possible.,ROAD,Pothole,LOW,3 days,Occasionally,6-20,No,Bus/transport area,English,Synthetic initial dataset
VCGIS-0788,The transformer is overheating near the main junction 1 day. Several households are affected. The issue has been noticed by several nearby residents.,ELECTRICITY,Transformer Problem,CRITICAL,1 day,Continuously,More than 100,Yes,College area,English,Synthetic initial dataset
VCGIS-0955,Near the college gate has an electricity problem: the transformer is sparking. The problem is worse after sunset. Please inspect the issue and take necessary action.,ELECTRICITY,Sparking,CRITICAL,1 day,Frequently,21-50,Yes,Public road,English,Synthetic initial dataset
VCGIS-0177,Please check in our residential layout. A broken road stretch and pedestrians are being forced to move onto the road. This has been going on for 2 weeks. Please resolve the problem as soon as possible.,ROAD,Road Damage,MEDIUM,2 weeks,Frequently,21-50,No,Market area,English,Synthetic initial dataset
VCGIS-1039,Near the village office has a water problem: the street has no water. The problem is becoming more frequent. The concerned department should check this location.,WATER,No Water Supply,MEDIUM,2 days,Daily,21-50,No,Residential area,English,Synthetic initial dataset
VCGIS-1440,The water tank is overflowing in our residential layout for 2 weeks. People are worried about using the water. Residents have already tried reporting the issue locally.,WATER,Water Tank Problem,MEDIUM,2 weeks,Frequently,21-50,No,Public road,English,Synthetic initial dataset
VCGIS-1286,The water pipeline has burst near the bus stop for 1 day. Residents are having to arrange water from elsewhere. Several houses have reported the same problem.,WATER,Pipeline Burst,HIGH,1 day,Continuously,51-100,Yes,Bus/transport area,English,Synthetic initial dataset
VCGIS-0728,I want to report the transformer has stopped working near the apartment entrance. It has been happening for 2 days. The area becomes difficult to use after dark. The concerned department should check this location.,ELECTRICITY,Transformer Problem,HIGH,2 days,Frequently,51-100,Yes,Bus/transport area,English,Synthetic initial dataset
VCGIS-0202,"Cracks across the road near the playground. It has been like this for 2 months, and two-wheelers are having difficulty using the stretch. The problem gets worse when it rains. Please inspect the issue and take necessary action.",ROAD,Road Damage,HIGH,2 months,Daily,51-100,Yes,Residential area,English,Synthetic initial dataset
VCGIS-0812,Please check behind the local market. The pole is damaged and nearby homes are being affected. The problem has existed for 3 days.,ELECTRICITY,Electrical Pole Damage,HIGH,3 days,Continuously,51-100,Yes,Bus/transport area,English,Synthetic initial dataset
VCGIS-0304,"The road is badly waterlogged near the college gate. It has been like this for 1 week, and vehicles are struggling to pass. A two-wheeler nearly lost balance there recently. Please resolve the problem as soon as possible.",ROAD,Waterlogged Road,HIGH,1 week,Daily,51-100,Yes,Market area,English,Synthetic initial dataset
VCGIS-0196,Near the main junction has a badly damaged road surface. It has been happening for 2 weeks and children and older people are finding it difficult to cross. There is no warning sign around the damaged section.,ROAD,Road Damage,MEDIUM,2 weeks,Frequently,21-50,No,Residential area,English,Synthetic initial dataset
VCGIS-0468,"The manhole cover is broken beside the temple. It has been like this for 3 days, and pedestrians are being forced to move onto the road. The problem gets worse when it rains. The concerned department should check this location.",ROAD,Damaged Manhole,HIGH,3 days,Continuously,51-100,Yes,Residential area,English,Synthetic initial dataset
VCGIS-0070,Beside the temple has several potholes. It has been happening for 2 weeks and vehicles are struggling to pass. A two-wheeler nearly lost balance there recently.,ROAD,Pothole,MEDIUM,2 weeks,Frequently,21-50,No,Village area,English,Synthetic initial dataset
VCGIS-1391,"The pumping system is down near the playground. It has continued for 3 days, and several households are affected. Residents have already tried reporting the issue locally. Kindly arrange a field inspection and repair.",WATER,Pump Failure,HIGH,3 days,Daily,51-100,No,Village area,English,Synthetic initial dataset
VCGIS-0727,I want to report the transformer is making a loud noise near the college gate. It has been happening for 2 days. Nearby homes are being affected. Please resolve the problem as soon as possible.,ELECTRICITY,Transformer Problem,HIGH,2 days,Frequently,51-100,Yes,Public road,English,Synthetic initial dataset
VCGIS-0944,Please check on the main road. An electrical wire is exposed and the area becomes difficult to use after dark. The problem has existed for 2 days.,ELECTRICITY,Exposed Electrical Cable,CRITICAL,2 days,Continuously,21-50,Yes,College area,English,Synthetic initial dataset
VCGIS-0581,"There is no electricity beside the temple. The issue has continued for 3 days, and the area becomes difficult to use after dark. The problem is worse after sunset. Kindly arrange a field inspection and repair.",ELECTRICITY,Power Outage,HIGH,3 days,Daily,51-100,No,Village area,English,Synthetic initial dataset
VCGIS-0308,I want to report the road stays flooded after rain behind the local market. The problem has continued for 1 week. Two-wheelers are having difficulty using the stretch. Please take appropriate corrective action.,ROAD,Waterlogged Road,HIGH,1 week,Daily,51-100,Yes,College area,English,Synthetic initial dataset
VCGIS-0796,The transformer appears faulty at the market junction 1 day. Nearby homes are being affected. The problem is worse after sunset.,ELECTRICITY,Transformer Problem,CRITICAL,1 day,Continuously,More than 100,Yes,Residential area,English,Synthetic initial dataset
VCGIS-0437,Close to the railway station has the speed breaker is broken. It has been happening for 2 weeks and vehicles are struggling to pass. It is especially difficult to notice the damage at night.,ROAD,Damaged Speed Breaker,HIGH,2 weeks,Frequently,21-50,Yes,College area,English,Synthetic initial dataset
VCGIS-0862,Please check near the hospital. A cable is hanging near pedestrians and nearby homes are being affected. The problem has existed for 1 day.,ELECTRICITY,Broken/Low-Hanging Wire,CRITICAL,1 day,Continuously,21-50,Yes,Bus/transport area,English,Synthetic initial dataset
VCGIS-0665,The lamp has stopped working beside the public park 2 weeks. Shops and residents are facing disruption. The fault appears to be getting worse.,ELECTRICITY,Streetlight Failure,MEDIUM,2 weeks,Daily,21-50,Yes,Residential area,English,Synthetic initial dataset
VCGIS-0410,Beside the government school has the speed breaker is broken. It has been happening for 2 weeks and traffic slows down around the location. It is especially difficult to notice the damage at night.,ROAD,Damaged Speed Breaker,HIGH,2 weeks,Frequently,21-50,Yes,Market area,English,Synthetic initial dataset
VCGIS-1304,Please check behind the local market. The local borewell is not supplying water and people are struggling with daily water needs. This has been happening for 1 week.,WATER,Borewell Failure,HIGH,1 week,Daily,51-100,No,College area,English,Synthetic initial dataset
VCGIS-0354,There is a road issue close to the petrol bunk: the footpath has become uneven. It happens frequently and has continued for 1 month. Children and older people are finding it difficult to cross.,ROAD,Footpath Damage,MEDIUM,1 month,Frequently,21-50,No,College area,English,Synthetic initial dataset
VCGIS-0803,I want to report the pole has visible cracks near the hospital. It has been happening for 3 days. Nearby homes are being affected. Kindly arrange a field inspection and repair.,ELECTRICITY,Electrical Pole Damage,HIGH,3 days,Continuously,51-100,Yes,College area,English,Synthetic initial dataset
VCGIS-1255,A main pipe has broken near the village office for 1 day. Residents are having to arrange water from elsewhere. Residents have already tried reporting the issue locally.,WATER,Pipeline Burst,HIGH,1 day,Continuously,51-100,Yes,College area,English,Synthetic initial dataset
VCGIS-0816,The pole is damaged behind the local market 3 days. People are worried about electrical safety. Residents are worried that someone could get hurt.,ELECTRICITY,Electrical Pole Damage,HIGH,3 days,Continuously,51-100,Yes,Bus/transport area,English,Synthetic initial dataset
VCGIS-0279,"A section of the road has given way near the college gate. It has been like this for 1 day, and pedestrians are being forced to move onto the road. A two-wheeler nearly lost balance there recently. Kindly send a team to assess and fix the problem.",ROAD,Road Collapse,CRITICAL,1 day,Continuously,More than 100,Yes,Bus/transport area,English,Synthetic initial dataset
VCGIS-0309,Behind the local market has the road stays flooded after rain. It has been happening for 1 week and children and older people are finding it difficult to cross. A two-wheeler nearly lost balance there recently.,ROAD,Waterlogged Road,HIGH,1 week,Daily,51-100,Yes,Village area,English,Synthetic initial dataset
VCGIS-1165,"The tap flow is weak at the market junction. It has continued for 1 week, and people are struggling with daily water needs. Residents have already tried reporting the issue locally. Please take appropriate corrective action.",WATER,Low Water Pressure,MEDIUM,1 week,Daily,21-50,No,Public road,English,Synthetic initial dataset
VCGIS-0889,"A wire is hanging very low near the apartment entrance. The issue has continued for 1 day, and people are worried about electrical safety. The problem is worse after sunset. The concerned department should check this location.",ELECTRICITY,Broken/Low-Hanging Wire,CRITICAL,1 day,Continuously,21-50,Yes,Public road,English,Synthetic initial dataset
VCGIS-0681,I want to report the street is dark because the light is off near the bus stop. It has been happening for 2 weeks. Visibility is poor in the evening. Please resolve the problem as soon as possible.,ELECTRICITY,Streetlight Failure,MEDIUM,2 weeks,Daily,21-50,Yes,Market area,English,Synthetic initial dataset
VCGIS-1415,Near the main junction has a water problem: the water tank is not filling. The problem is becoming more frequent. Kindly arrange a field inspection and repair.,WATER,Water Tank Problem,MEDIUM,2 weeks,Frequently,21-50,No,Residential area,English,Synthetic initial dataset
VCGIS-1078,I want to report water has stopped coming at the market junction. The problem has been there for 5 days. Several households are affected. Please take appropriate corrective action.,WATER,No Water Supply,HIGH,5 days,Daily,51-100,No,Village area,English,Synthetic initial dataset
VCGIS-0144,There is a road issue near the village office: deep potholes. It happens daily and has continued for 1 month. Two-wheelers are having difficulty using the stretch.,ROAD,Pothole,HIGH,1 month,Daily,51-100,Yes,Residential area,English,Synthetic initial dataset
VCGIS-1381,"The water pump is not working at the market junction. It has continued for 3 days, and nearby families are affected. People are having to depend on alternative sources. Please inspect the issue and take necessary action.",WATER,Pump Failure,HIGH,3 days,Daily,51-100,No,College area,English,Synthetic initial dataset
VCGIS-1224,"The roadside pipe is leaking near the main junction. It has continued for 4 days, and nearby families are affected. The issue is particularly difficult for elderly residents. Please inspect the issue and take necessary action.",WATER,Pipeline Leakage,MEDIUM,4 days,Continuously,21-50,No,Market area,English,Synthetic initial dataset
VCGIS-0715,I want to report the transformer is overheating near the hospital. It has been happening for 2 days. The area becomes difficult to use after dark. The concerned department should check this location.,ELECTRICITY,Transformer Problem,HIGH,2 days,Frequently,51-100,Yes,Public road,English,Synthetic initial dataset
VCGIS-0397,Near the village office has the footpath is broken. It has been happening for 1 month and traffic slows down around the location. People have complained about the same spot before.,ROAD,Footpath Damage,MEDIUM,1 month,Frequently,21-50,No,Village area,English,Synthetic initial dataset
VCGIS-0123,Please check on the main road. A dangerous pothole and two-wheelers are having difficulty using the stretch. This has been going on for 1 month. The concerned department should check this location.,ROAD,Pothole,HIGH,1 month,Daily,51-100,Yes,Bus/transport area,English,Synthetic initial dataset
VCGIS-1282,I want to report the supply pipe has burst near the hospital. The problem has been there for 1 day. Nearby families are affected. Please take appropriate corrective action.,WATER,Pipeline Burst,HIGH,1 day,Continuously,51-100,Yes,Market area,English,Synthetic initial dataset
VCGIS-0501,I want to report the power is out near the village office. It has been happening for 1 day. Visibility is poor in the evening. Please take appropriate corrective action.,ELECTRICITY,Power Outage,HIGH,1 day,Occasionally,21-50,No,Market area,English,Synthetic initial dataset
VCGIS-0415,There is a road issue near the playground: the speed breaker is broken. It happens frequently and has continued for 2 weeks. Two-wheelers are having difficulty using the stretch.,ROAD,Damaged Speed Breaker,HIGH,2 weeks,Frequently,21-50,Yes,Market area,English,Synthetic initial dataset
VCGIS-0132,I want to report several potholes near the hospital. The problem has continued for 1 month. Two-wheelers are having difficulty using the stretch. Kindly send a team to assess and fix the problem.,ROAD,Pothole,HIGH,1 month,Daily,51-100,Yes,College area,English,Synthetic initial dataset
VCGIS-1129,"Our taps are dry near the village office. It has continued for 7 days, and nearby families are affected. People are having to depend on alternative sources. Please inspect the issue and take necessary action.",WATER,No Water Supply,CRITICAL,7 days,Continuously,More than 100,Yes,Village area,English,Synthetic initial dataset
VCGIS-0075,Close to the petrol bunk has a large pothole. It has been happening for 2 weeks and traffic slows down around the location. The problem gets worse when it rains.,ROAD,Pothole,MEDIUM,2 weeks,Frequently,21-50,No,Residential area,English,Synthetic initial dataset
VCGIS-1246,Water is leaking from the main pipe at the market junction for 4 days. People are worried about using the water. Residents have already tried reporting the issue locally.,WATER,Pipeline Leakage,MEDIUM,4 days,Continuously,21-50,No,Public road,English,Synthetic initial dataset
VCGIS-0853,I want to report a wire appears to be sagging dangerously at the market junction. It has been happening for 1 day. The area becomes difficult to use after dark. Kindly send a team to assess and fix the problem.,ELECTRICITY,Broken/Low-Hanging Wire,CRITICAL,1 day,Continuously,21-50,Yes,Village area,English,Synthetic initial dataset
VCGIS-1370,I want to report the supply pump has stopped behind the local market. The problem has been there for 3 days. Residents are having to arrange water from elsewhere. Kindly arrange a field inspection and repair.,WATER,Pump Failure,HIGH,3 days,Daily,51-100,No,Market area,English,Synthetic initial dataset
VCGIS-0183,Close to the petrol bunk has a broken road stretch. It has been happening for 2 weeks and vehicles are struggling to pass. A two-wheeler nearly lost balance there recently.,ROAD,Road Damage,MEDIUM,2 weeks,Frequently,21-50,No,Residential area,English,Synthetic initial dataset
VCGIS-1382,"The pumping system is down near the hospital. It has continued for 3 days, and residents are having to arrange water from elsewhere. Several houses have reported the same problem. Please resolve the problem as soon as possible.",WATER,Pump Failure,HIGH,3 days,Daily,51-100,No,Public road,English,Synthetic initial dataset
VCGIS-0142,Near the hospital has a large pothole. It has been happening for 1 month and traffic slows down around the location. People have complained about the same spot before.,ROAD,Pothole,HIGH,1 month,Daily,51-100,Yes,Market area,English,Synthetic initial dataset
VCGIS-1352,I want to report the pumping system is down on the main road. The problem has been there for 3 days. Nearby families are affected. Kindly send a team to assess and fix the problem.,WATER,Pump Failure,HIGH,3 days,Daily,51-100,No,Residential area,English,Synthetic initial dataset
VCGIS-1009,"There is no water supply near the college gate. It has continued for 2 days, and residents are having to arrange water from elsewhere. People are having to depend on alternative sources. Please resolve the problem as soon as possible.",WATER,No Water Supply,MEDIUM,2 days,Daily,21-50,No,College area,English,Synthetic initial dataset
VCGIS-1442,The local tank is not supplying water near the college gate for 2 weeks. Residents are having to arrange water from elsewhere. People are having to depend on alternative sources.,WATER,Water Tank Problem,MEDIUM,2 weeks,Frequently,21-50,No,Bus/transport area,English,Synthetic initial dataset
VCGIS-0193,Please check behind the local market. Cracks across the road and traffic slows down around the location. This has been going on for 2 weeks. The concerned department should check this location.,ROAD,Road Damage,MEDIUM,2 weeks,Frequently,21-50,No,Residential area,English,Synthetic initial dataset
VCGIS-0131,Please check behind the local market. A large pothole and riders are having to suddenly change direction. This has been going on for 1 month. Kindly arrange a field inspection and repair.,ROAD,Pothole,HIGH,1 month,Daily,51-100,Yes,Residential area,English,Synthetic initial dataset
VCGIS-0536,"Electricity keeps going off near the college gate. The issue has continued for 1 day, and shops and residents are facing disruption. The problem is worse after sunset. Please inspect the issue and take necessary action.",ELECTRICITY,Power Outage,MEDIUM,1 day,Occasionally,21-50,No,College area,English,Synthetic initial dataset
VCGIS-0114,"A large pothole near the village office. It has been like this for 1 month, and riders are having to suddenly change direction. The problem gets worse when it rains. Kindly arrange a field inspection and repair.",ROAD,Pothole,HIGH,1 month,Daily,51-100,Yes,Bus/transport area,English,Synthetic initial dataset
VCGIS-0660,Please check in our residential layout. The lamp has stopped working and nearby homes are being affected. The problem has existed for 2 weeks.,ELECTRICITY,Streetlight Failure,MEDIUM,2 weeks,Daily,21-50,Yes,Residential area,English,Synthetic initial dataset
VCGIS-0500,I want to report the manhole cover is broken beside the temple. The problem has continued for 3 days. Two-wheelers are having difficulty using the stretch. Kindly arrange a field inspection and repair.,ROAD,Damaged Manhole,CRITICAL,3 days,Continuously,51-100,Yes,Market area,English,Synthetic initial dataset
VCGIS-0399,Close to the railway station has the footpath has become uneven. It has been happening for 1 month and pedestrians are being forced to move onto the road. The problem gets worse when it rains.,ROAD,Footpath Damage,MEDIUM,1 month,Frequently,21-50,No,Bus/transport area,English,Synthetic initial dataset
VCGIS-1038,"The street has no water near the public library. It has continued for 2 days, and nearby families are affected. The issue is particularly difficult for elderly residents. Please inspect the issue and take necessary action.",WATER,No Water Supply,MEDIUM,2 days,Daily,21-50,No,Market area,English,Synthetic initial dataset
VCGIS-0192,Near the hospital has cracks across the road. It has been happening for 2 weeks and children and older people are finding it difficult to cross. There is no warning sign around the damaged section.,ROAD,Road Damage,MEDIUM,2 weeks,Frequently,21-50,No,College area,English,Synthetic initial dataset
VCGIS-0549,"There is no electricity near the bus stop. The issue has continued for 1 day, and nearby homes are being affected. Residents are worried that someone could get hurt. Please resolve the problem as soon as possible.",ELECTRICITY,Power Outage,MEDIUM,1 day,Occasionally,21-50,No,Bus/transport area,English,Synthetic initial dataset
VCGIS-1053,Water has stopped coming at the market junction for 5 days. Residents are having to arrange water from elsewhere. The problem is becoming more frequent.,WATER,No Water Supply,HIGH,5 days,Daily,51-100,No,Village area,English,Synthetic initial dataset
VCGIS-0377,"The footpath is broken at the market junction. It has been like this for 1 month, and children and older people are finding it difficult to cross. People have complained about the same spot before. The concerned department should check this location.",ROAD,Footpath Damage,MEDIUM,1 month,Frequently,21-50,No,College area,English,Synthetic initial dataset
VCGIS-0684,I want to report the street is dark because the light is off close to the petrol bunk. It has been happening for 2 weeks. Nearby homes are being affected. Please inspect the issue and take necessary action.,ELECTRICITY,Streetlight Failure,MEDIUM,2 weeks,Daily,21-50,Yes,Market area,English,Synthetic initial dataset
VCGIS-1458,The water is unusually dirty near the main junction for 2 days. Residents are having to arrange water from elsewhere. Several houses have reported the same problem.,WATER,Water Contamination,CRITICAL,2 days,Continuously,51-100,Yes,Bus/transport area,English,Synthetic initial dataset
VCGIS-0996,I want to report the pole is producing sparks beside the government school. It has been happening for 1 day. Several households are affected. Please take appropriate corrective action.,ELECTRICITY,Sparking,CRITICAL,1 day,Frequently,21-50,Yes,Market area,English,Synthetic initial dataset
VCGIS-0508,"The whole area has lost power near the hospital. The issue has continued for 1 day, and people are worried about electrical safety. The issue has been noticed by several nearby residents. The concerned department should check this location.",ELECTRICITY,Power Outage,MEDIUM,1 day,Occasionally,21-50,No,Bus/transport area,English,Synthetic initial dataset
VCGIS-0303,Please check in our residential layout. The road stays flooded after rain and pedestrians are being forced to move onto the road. This has been going on for 1 week. The concerned department should check this location.,ROAD,Waterlogged Road,HIGH,1 week,Daily,51-100,Yes,Public road,English,Synthetic initial dataset
VCGIS-1240,Please check at the market junction. Water is leaking from the main pipe and people are worried about using the water. This has been happening for 4 days.,WATER,Pipeline Leakage,MEDIUM,4 days,Continuously,21-50,No,College area,English,Synthetic initial dataset
VCGIS-0553,Please check near the village office. The whole area has lost power and visibility is poor in the evening. The problem has existed for 3 days.,ELECTRICITY,Power Outage,HIGH,3 days,Daily,51-100,No,College area,English,Synthetic initial dataset
VCGIS-1048,I want to report our taps are dry near the college gate. The problem has been there for 2 days. People are struggling with daily water needs. The concerned department should check this location.,WATER,No Water Supply,MEDIUM,2 days,Daily,21-50,No,Residential area,English,Synthetic initial dataset
VCGIS-0038,There is a road issue near the college gate: deep potholes. It happens occasionally and has continued for 3 days. Riders are having to suddenly change direction.,ROAD,Pothole,LOW,3 days,Occasionally,6-20,No,Village area,English,Synthetic initial dataset
VCGIS-0290,Beside the temple has part of the road has collapsed. It has been happening for 1 day and children and older people are finding it difficult to cross. There is no warning sign around the damaged section.,ROAD,Road Collapse,CRITICAL,1 day,Continuously,More than 100,Yes,Market area,English,Synthetic initial dataset
VCGIS-0262,Near the village office has the roadside has caved in. It has been happening for 1 day and riders are having to suddenly change direction. There is no warning sign around the damaged section.,ROAD,Road Collapse,CRITICAL,1 day,Continuously,More than 100,Yes,College area,English,Synthetic initial dataset
VCGIS-0199,"Cracks across the road near the main junction. It has been like this for 2 weeks, and two-wheelers are having difficulty using the stretch. People have complained about the same spot before. Please take appropriate corrective action.",ROAD,Road Damage,MEDIUM,2 weeks,Frequently,21-50,No,Bus/transport area,English,Synthetic initial dataset
VCGIS-0586,I want to report the whole area has lost power beside the government school. It has been happening for 3 days. Nearby homes are being affected. Please resolve the problem as soon as possible.,ELECTRICITY,Power Outage,HIGH,3 days,Daily,51-100,No,Residential area,English,Synthetic initial dataset
VCGIS-1276,I want to report a main pipe has broken near the apartment entrance. The problem has been there for 1 day. Several households are affected. The concerned department should check this location.,WATER,Pipeline Burst,HIGH,1 day,Continuously,51-100,Yes,Bus/transport area,English,Synthetic initial dataset
VCGIS-0298,"The road edge has collapsed near the community hall. It has been like this for 1 day, and vehicles are struggling to pass. A two-wheeler nearly lost balance there recently. Please take appropriate corrective action.",ROAD,Road Collapse,CRITICAL,1 day,Continuously,More than 100,Yes,Village area,English,Synthetic initial dataset
VCGIS-1102,"The street has no water near the village office. It has continued for 7 days, and nearby families are affected. People are having to depend on alternative sources. Kindly arrange a field inspection and repair.",WATER,No Water Supply,CRITICAL,7 days,Continuously,More than 100,Yes,Bus/transport area,English,Synthetic initial dataset
VCGIS-0535,Please check close to the railway station. There is no electricity and several households are affected. The problem has existed for 1 day.,ELECTRICITY,Power Outage,HIGH,1 day,Occasionally,21-50,No,Bus/transport area,English,Synthetic initial dataset
VCGIS-0246,In our residential layout has a badly damaged road surface. It has been happening for 2 months and children and older people are finding it difficult to cross. It is especially difficult to notice the damage at night.,ROAD,Road Damage,HIGH,2 months,Daily,51-100,Yes,College area,English,Synthetic initial dataset
VCGIS-1479,"The water looks contaminated beside the public park. It has continued for 2 days, and several households are affected. Residents have already tried reporting the issue locally. Kindly arrange a field inspection and repair.",WATER,Water Contamination,CRITICAL,2 days,Continuously,51-100,Yes,Public road,English,Synthetic initial dataset
VCGIS-0094,There is a road issue beside the government school: deep potholes. It happens frequently and has continued for 2 weeks. Two-wheelers are having difficulty using the stretch.,ROAD,Pothole,MEDIUM,2 weeks,Frequently,21-50,No,College area,English,Synthetic initial dataset
VCGIS-0942,Near the public library has an electricity problem: a cable has lost its insulation. The issue has been noticed by several nearby residents. Kindly arrange a field inspection and repair.,ELECTRICITY,Exposed Electrical Cable,CRITICAL,2 days,Continuously,21-50,Yes,Market area,English,Synthetic initial dataset
VCGIS-0368,Near the hospital has pavement tiles are damaged. It has been happening for 1 month and riders are having to suddenly change direction. People have complained about the same spot before.,ROAD,Footpath Damage,HIGH,1 month,Frequently,21-50,No,Village area,English,Synthetic initial dataset
VCGIS-0267,"The road edge has collapsed near the bus stop. It has been like this for 1 day, and traffic slows down around the location. The problem gets worse when it rains. Please inspect the issue and take necessary action.",ROAD,Road Collapse,CRITICAL,1 day,Continuously,More than 100,Yes,Public road,English,Synthetic initial dataset
VCGIS-0373,There is a road issue near the bus stop: the footpath is broken. It happens frequently and has continued for 1 month. Riders are having to suddenly change direction.,ROAD,Footpath Damage,MEDIUM,1 month,Frequently,21-50,No,Residential area,English,Synthetic initial dataset
VCGIS-0386,Please check behind the local market. The footpath is broken and two-wheelers are having difficulty using the stretch. This has been going on for 1 month. Please take appropriate corrective action.,ROAD,Footpath Damage,MEDIUM,1 month,Frequently,21-50,No,Public road,English,Synthetic initial dataset
VCGIS-0395,"Part of the footpath is missing near the public library. It has been like this for 1 month, and riders are having to suddenly change direction. People have complained about the same spot before. Please resolve the problem as soon as possible.",ROAD,Footpath Damage,MEDIUM,1 month,Frequently,21-50,No,Market area,English,Synthetic initial dataset
VCGIS-1040,Near the village office has a water problem: there is no water supply. Several houses have reported the same problem. Kindly arrange a field inspection and repair.,WATER,No Water Supply,MEDIUM,2 days,Daily,21-50,No,Market area,English,Synthetic initial dataset
VCGIS-0407,I want to report the speed breaker is badly damaged near the college gate. The problem has continued for 2 weeks. Pedestrians are being forced to move onto the road. Please inspect the issue and take necessary action.,ROAD,Damaged Speed Breaker,HIGH,2 weeks,Frequently,21-50,Yes,College area,English,Synthetic initial dataset
VCGIS-1126,At the market junction has a water problem: there is no water supply. Residents have already tried reporting the issue locally. Kindly arrange a field inspection and repair.,WATER,No Water Supply,CRITICAL,7 days,Continuously,More than 100,Yes,Residential area,English,Synthetic initial dataset
VCGIS-0881,"A wire appears to be sagging dangerously near the hospital. The issue has continued for 1 day, and several households are affected. The issue has been noticed by several nearby residents. The concerned department should check this location.",ELECTRICITY,Broken/Low-Hanging Wire,CRITICAL,1 day,Continuously,21-50,Yes,Residential area,English,Synthetic initial dataset
VCGIS-0409,I want to report the speed breaker is uneven on the main road. The problem has continued for 2 weeks. Children and older people are finding it difficult to cross. The concerned department should check this location.,ROAD,Damaged Speed Breaker,HIGH,2 weeks,Frequently,21-50,Yes,Bus/transport area,English,Synthetic initial dataset
VCGIS-0050,Close to the railway station has several potholes. It has been happening for 3 days and riders are having to suddenly change direction. A two-wheeler nearly lost balance there recently.,ROAD,Pothole,LOW,3 days,Occasionally,6-20,No,Bus/transport area,English,Synthetic initial dataset
VCGIS-0206,Near the village office has cracks across the road. It has been happening for 2 months and children and older people are finding it difficult to cross. People have complained about the same spot before.,ROAD,Road Damage,HIGH,2 months,Daily,51-100,Yes,Village area,English,Synthetic initial dataset
VCGIS-0475,There is a road issue near the college gate: an open manhole is present. It happens continuously and has continued for 3 days. Children and older people are finding it difficult to cross.,ROAD,Damaged Manhole,CRITICAL,3 days,Continuously,51-100,Yes,Residential area,English,Synthetic initial dataset
VCGIS-0721,"The transformer appears faulty near the bus stop. The issue has continued for 2 days, and the area becomes difficult to use after dark. The problem is worse after sunset. Please take appropriate corrective action.",ELECTRICITY,Transformer Problem,HIGH,2 days,Frequently,51-100,Yes,Public road,English,Synthetic initial dataset
VCGIS-0876,I want to report a wire is hanging very low close to the railway station. It has been happening for 1 day. Shops and residents are facing disruption. Please take appropriate corrective action.,ELECTRICITY,Broken/Low-Hanging Wire,CRITICAL,1 day,Continuously,21-50,Yes,College area,English,Synthetic initial dataset
VCGIS-0637,"There is no electricity behind the local market. The issue has continued for 1 day, and several households are affected. The fault appears to be getting worse. Kindly arrange a field inspection and repair.",ELECTRICITY,Power Outage,CRITICAL,1 day,Continuously,More than 100,Yes,Residential area,English,Synthetic initial dataset
VCGIS-0043,Near the bus stop has a large pothole. It has been happening for 3 days and pedestrians are being forced to move onto the road. A two-wheeler nearly lost balance there recently.,ROAD,Pothole,LOW,3 days,Occasionally,6-20,No,Residential area,English,Synthetic initial dataset
VCGIS-0340,"The road is badly waterlogged near the public library. It has been like this for 1 week, and vehicles are struggling to pass. People have complained about the same spot before. Please take appropriate corrective action.",ROAD,Waterlogged Road,HIGH,1 week,Daily,51-100,Yes,Market area,English,Synthetic initial dataset
VCGIS-1014,Close to the railway station has a water problem: there is no water supply. The problem is becoming more frequent. The concerned department should check this location.,WATER,No Water Supply,MEDIUM,2 days,Daily,21-50,No,Public road,English,Synthetic initial dataset
VCGIS-0425,"The speed breaker is uneven near the bus stop. It has been like this for 2 weeks, and children and older people are finding it difficult to cross. There is no warning sign around the damaged section. Please take appropriate corrective action.",ROAD,Damaged Speed Breaker,HIGH,2 weeks,Frequently,21-50,Yes,Market area,English,Synthetic initial dataset
VCGIS-1418,Please check near the hospital. The community tank is damaged and residents are having to arrange water from elsewhere. This has been happening for 2 weeks.,WATER,Water Tank Problem,HIGH,2 weeks,Frequently,21-50,No,Residential area,English,Synthetic initial dataset
VCGIS-0998,"The pole is producing sparks beside the government school. The issue has continued for 1 day, and several households are affected. Residents are worried that someone could get hurt. Kindly arrange a field inspection and repair.",ELECTRICITY,Sparking,CRITICAL,1 day,Frequently,21-50,Yes,College area,English,Synthetic initial dataset
VCGIS-1459,Near the hospital has a water problem: the water is unusually dirty. People are having to depend on alternative sources. Please resolve the problem as soon as possible.,WATER,Water Contamination,CRITICAL,2 days,Continuously,51-100,Yes,Market area,English,Synthetic initial dataset
VCGIS-0707,I want to report the transformer appears faulty on the main road. It has been happening for 2 days. Several households are affected. Please take appropriate corrective action.,ELECTRICITY,Transformer Problem,HIGH,2 days,Frequently,51-100,Yes,Bus/transport area,English,Synthetic initial dataset
VCGIS-0677,"The street is dark because the light is off beside the temple. The issue has continued for 2 weeks, and the area becomes difficult to use after dark. The problem is worse after sunset. Kindly send a team to assess and fix the problem.",ELECTRICITY,Streetlight Failure,MEDIUM,2 weeks,Daily,21-50,Yes,Residential area,English,Synthetic initial dataset
VCGIS-0645,"Electricity keeps going off near the main junction. The issue has continued for 1 day, and shops and residents are facing disruption. The problem is worse after sunset. Please resolve the problem as soon as possible.",ELECTRICITY,Power Outage,CRITICAL,1 day,Continuously,More than 100,Yes,Residential area,English,Synthetic initial dataset
VCGIS-0372,Please check close to the railway station. The footpath has become uneven and children and older people are finding it difficult to cross. This has been going on for 1 month. Please resolve the problem as soon as possible.,ROAD,Footpath Damage,MEDIUM,1 month,Frequently,21-50,No,Market area,English,Synthetic initial dataset
VCGIS-0319,Please check near the hospital. The road stays flooded after rain and traffic slows down around the location. This has been going on for 1 week. The concerned department should check this location.,ROAD,Waterlogged Road,HIGH,1 week,Daily,51-100,Yes,College area,English,Synthetic initial dataset
VCGIS-0097,There is a road issue near the community hall: a large pothole. It happens frequently and has continued for 2 weeks. Pedestrians are being forced to move onto the road.,ROAD,Pothole,MEDIUM,2 weeks,Frequently,21-50,No,College area,English,Synthetic initial dataset
VCGIS-0503,In our residential layout has an electricity problem: the whole area has lost power. Residents are worried that someone could get hurt. Kindly arrange a field inspection and repair.,ELECTRICITY,Power Outage,MEDIUM,1 day,Occasionally,21-50,No,College area,English,Synthetic initial dataset
VCGIS-0086,Please check behind the local market. A large pothole and pedestrians are being forced to move onto the road. This has been going on for 2 weeks. The concerned department should check this location.,ROAD,Pothole,MEDIUM,2 weeks,Frequently,21-50,No,Market area,English,Synthetic initial dataset
VCGIS-1221,I want to report there is a continuous pipe leak at the market junction. The problem has been there for 4 days. Several households are affected. Kindly arrange a field inspection and repair.,WATER,Pipeline Leakage,MEDIUM,4 days,Continuously,21-50,No,Public road,English,Synthetic initial dataset
VCGIS-0005,There is a road issue beside the government school: a large pothole. It happens occasionally and has continued for 3 days. Riders are having to suddenly change direction.,ROAD,Pothole,LOW,3 days,Occasionally,6-20,No,Market area,English,Synthetic initial dataset
VCGIS-0297,"The roadside has caved in near the main junction. It has been like this for 1 day, and children and older people are finding it difficult to cross. It is especially difficult to notice the damage at night. Please inspect the issue and take necessary action.",ROAD,Road Collapse,CRITICAL,1 day,Continuously,More than 100,Yes,Bus/transport area,English,Synthetic initial dataset
VCGIS-0802,Please check near the main junction. The electric pole is leaning and nearby homes are being affected. The problem has existed for 3 days.,ELECTRICITY,Electrical Pole Damage,HIGH,3 days,Continuously,51-100,Yes,College area,English,Synthetic initial dataset
VCGIS-0950,Please check near the public library. An electrical wire is exposed and shops and residents are facing disruption. The problem has existed for 2 days.,ELECTRICITY,Exposed Electrical Cable,CRITICAL,2 days,Continuously,21-50,Yes,Market area,English,Synthetic initial dataset
VCGIS-1448,The local tank is not supplying water beside the temple for 2 weeks. Nearby families are affected. The problem is becoming more frequent.,WATER,Water Tank Problem,MEDIUM,2 weeks,Frequently,21-50,No,Market area,English,Synthetic initial dataset
VCGIS-1073,I want to report water has stopped coming near the college gate. The problem has been there for 5 days. People are worried about using the water. Please take appropriate corrective action.,WATER,No Water Supply,HIGH,5 days,Daily,51-100,No,Market area,English,Synthetic initial dataset
VCGIS-0997,"The pole is producing sparks near the public library. The issue has continued for 1 day, and shops and residents are facing disruption. Residents are worried that someone could get hurt. Kindly send a team to assess and fix the problem.",ELECTRICITY,Sparking,CRITICAL,1 day,Frequently,21-50,Yes,Village area,English,Synthetic initial dataset
VCGIS-0250,Please check near the main junction. Uneven asphalt and children and older people are finding it difficult to cross. This has been going on for 2 months. Please resolve the problem as soon as possible.,ROAD,Road Damage,HIGH,2 months,Daily,51-100,Yes,College area,English,Synthetic initial dataset
VCGIS-1303,Please check on the main road. The borewell has failed and residents are having to arrange water from elsewhere. This has been happening for 1 week.,WATER,Borewell Failure,HIGH,1 week,Daily,51-100,No,Bus/transport area,English,Synthetic initial dataset
VCGIS-1463,Near the village office has a water problem: the water is unusually dirty. The issue is particularly difficult for elderly residents. The concerned department should check this location.,WATER,Water Contamination,CRITICAL,2 days,Continuously,51-100,Yes,Village area,English,Synthetic initial dataset
VCGIS-0153,"A broken road stretch near the village office. It has been like this for 2 weeks, and vehicles are struggling to pass. The problem gets worse when it rains. Kindly send a team to assess and fix the problem.",ROAD,Road Damage,MEDIUM,2 weeks,Frequently,21-50,No,Bus/transport area,English,Synthetic initial dataset
VCGIS-1291,Near the village office has a water problem: water is gushing from a broken pipeline. The issue is particularly difficult for elderly residents. Kindly arrange a field inspection and repair.,WATER,Pipeline Burst,HIGH,1 day,Continuously,51-100,Yes,Residential area,English,Synthetic initial dataset
VCGIS-1090,"The street has no water close to the petrol bunk. It has continued for 5 days, and people are struggling with daily water needs. People are having to depend on alternative sources. Please take appropriate corrective action.",WATER,No Water Supply,HIGH,5 days,Daily,51-100,No,College area,English,Synthetic initial dataset
VCGIS-1280,The supply pipe has burst near the main junction for 1 day. The issue is disrupting normal household activities. The problem is becoming more frequent.,WATER,Pipeline Burst,HIGH,1 day,Continuously,51-100,Yes,College area,English,Synthetic initial dataset
VCGIS-0670,Please check beside the public park. Several streetlights are off and nearby homes are being affected. The problem has existed for 2 weeks.,ELECTRICITY,Streetlight Failure,MEDIUM,2 weeks,Daily,21-50,Yes,Bus/transport area,English,Synthetic initial dataset
VCGIS-0640,"Electricity keeps going off behind the local market. The issue has continued for 1 day, and people are worried about electrical safety. Residents are worried that someone could get hurt. Please take appropriate corrective action.",ELECTRICITY,Power Outage,CRITICAL,1 day,Continuously,More than 100,Yes,Public road,English,Synthetic initial dataset
VCGIS-0058,Please check close to the railway station. A large pothole and children and older people are finding it difficult to cross. This has been going on for 2 weeks. Kindly send a team to assess and fix the problem.,ROAD,Pothole,MEDIUM,2 weeks,Frequently,21-50,No,Market area,English,Synthetic initial dataset
VCGIS-0529,The whole area has lost power close to the petrol bunk 1 day. People are worried about electrical safety. The issue has been noticed by several nearby residents.,ELECTRICITY,Power Outage,MEDIUM,1 day,Occasionally,21-50,No,Village area,English,Synthetic initial dataset
VCGIS-0173,I want to report cracks across the road at the market junction. The problem has continued for 2 weeks. Two-wheelers are having difficulty using the stretch. The concerned department should check this location.,ROAD,Road Damage,MEDIUM,2 weeks,Frequently,21-50,No,Market area,English,Synthetic initial dataset
VCGIS-1472,At the market junction has a water problem: the water is unusually dirty. Residents have already tried reporting the issue locally. Please resolve the problem as soon as possible.,WATER,Water Contamination,CRITICAL,2 days,Continuously,51-100,Yes,Residential area,English,Synthetic initial dataset
VCGIS-0826,Please check close to the railway station. The electric pole is leaning and nearby homes are being affected. The problem has existed for 3 days.,ELECTRICITY,Electrical Pole Damage,HIGH,3 days,Continuously,51-100,Yes,Market area,English,Synthetic initial dataset
VCGIS-1056,There is no water supply beside the temple for 5 days. People are struggling with daily water needs. The issue is particularly difficult for elderly residents.,WATER,No Water Supply,HIGH,5 days,Daily,51-100,No,Residential area,English,Synthetic initial dataset
VCGIS-1187,I want to report the tap flow is weak near the public library. The problem has been there for 1 week. Residents are having to arrange water from elsewhere. The concerned department should check this location.,WATER,Low Water Pressure,MEDIUM,1 week,Daily,21-50,No,Bus/transport area,English,Synthetic initial dataset
VCGIS-0587,I want to report there is no electricity close to the petrol bunk. It has been happening for 3 days. Visibility is poor in the evening. Please take appropriate corrective action.,ELECTRICITY,Power Outage,HIGH,3 days,Daily,51-100,No,Village area,English,Synthetic initial dataset
VCGIS-0541,Please check on the main road. There is no electricity and nearby homes are being affected. The problem has existed for 1 day.,ELECTRICITY,Power Outage,MEDIUM,1 day,Occasionally,21-50,No,Village area,English,Synthetic initial dataset
VCGIS-0746,Behind the local market has an electricity problem: the transformer appears faulty. Residents are worried that someone could get hurt. Kindly send a team to assess and fix the problem.,ELECTRICITY,Transformer Problem,HIGH,2 days,Frequently,51-100,Yes,Public road,English,Synthetic initial dataset
VCGIS-0744,"The transformer appears faulty near the village office. The issue has continued for 2 days, and shops and residents are facing disruption. Residents are worried that someone could get hurt. Please inspect the issue and take necessary action.",ELECTRICITY,Transformer Problem,HIGH,2 days,Frequently,51-100,Yes,College area,English,Synthetic initial dataset
VCGIS-1202,"The roadside pipe is leaking close to the petrol bunk. It has continued for 4 days, and the issue is disrupting normal household activities. Several houses have reported the same problem. Kindly send a team to assess and fix the problem.",WATER,Pipeline Leakage,MEDIUM,4 days,Continuously,21-50,No,Market area,English,Synthetic initial dataset
VCGIS-0364,I want to report the footpath has become uneven beside the government school. The problem has continued for 1 month. Two-wheelers are having difficulty using the stretch. Kindly arrange a field inspection and repair.,ROAD,Footpath Damage,MEDIUM,1 month,Frequently,21-50,No,Bus/transport area,English,Synthetic initial dataset
VCGIS-0831,I want to report the electric pole is leaning near the community hall. It has been happening for 3 days. The area becomes difficult to use after dark. The concerned department should check this location.,ELECTRICITY,Electrical Pole Damage,HIGH,3 days,Continuously,51-100,Yes,Public road,English,Synthetic initial dataset
VCGIS-0255,"Part of the road has collapsed near the playground. It has been like this for 1 day, and pedestrians are being forced to move onto the road. People have complained about the same spot before. Please inspect the issue and take necessary action.",ROAD,Road Collapse,CRITICAL,1 day,Continuously,More than 100,Yes,Bus/transport area,English,Synthetic initial dataset
VCGIS-0272,"A section of the road has given way near the village office. It has been like this for 1 day, and riders are having to suddenly change direction. The problem gets worse when it rains. The concerned department should check this location.",ROAD,Road Collapse,CRITICAL,1 day,Continuously,More than 100,Yes,Bus/transport area,English,Synthetic initial dataset
VCGIS-0293,I want to report the road edge has collapsed near the playground. The problem has continued for 1 day. Vehicles are struggling to pass. Kindly arrange a field inspection and repair.,ROAD,Road Collapse,CRITICAL,1 day,Continuously,More than 100,Yes,College area,English,Synthetic initial dataset
VCGIS-1017,I want to report our taps are dry near the hospital. The problem has been there for 2 days. People are worried about using the water. Kindly send a team to assess and fix the problem.,WATER,No Water Supply,MEDIUM,2 days,Daily,21-50,No,Public road,English,Synthetic initial dataset
VCGIS-0810,The pole has visible cracks behind the local market 3 days. The area becomes difficult to use after dark. Residents are worried that someone could get hurt.,ELECTRICITY,Electrical Pole Damage,HIGH,3 days,Continuously,51-100,Yes,Residential area,English,Synthetic initial dataset
VCGIS-1273,Near the bus stop has a water problem: the water pipeline has burst. Residents have already tried reporting the issue locally. Please take appropriate corrective action.,WATER,Pipeline Burst,HIGH,1 day,Continuously,51-100,Yes,College area,English,Synthetic initial dataset
VCGIS-0514,There is no electricity near the public library 1 day. Shops and residents are facing disruption. There is no warning sign around the affected equipment.,ELECTRICITY,Power Outage,MEDIUM,1 day,Occasionally,21-50,No,College area,English,Synthetic initial dataset
VCGIS-0169,In our residential layout has uneven asphalt. It has been happening for 2 weeks and children and older people are finding it difficult to cross. It is especially difficult to notice the damage at night.,ROAD,Road Damage,MEDIUM,2 weeks,Frequently,21-50,No,Residential area,English,Synthetic initial dataset
VCGIS-0523,"The whole area has lost power near the bus stop. The issue has continued for 1 day, and people are worried about electrical safety. The issue has been noticed by several nearby residents. Please inspect the issue and take necessary action.",ELECTRICITY,Power Outage,MEDIUM,1 day,Occasionally,21-50,No,Public road,English,Synthetic initial dataset
VCGIS-0808,Please check behind the local market. The pole looks unstable and shops and residents are facing disruption. The problem has existed for 3 days.,ELECTRICITY,Electrical Pole Damage,HIGH,3 days,Continuously,51-100,Yes,Market area,English,Synthetic initial dataset
VCGIS-0111,Near the hospital has several potholes. It has been happening for 1 month and vehicles are struggling to pass. The problem gets worse when it rains.,ROAD,Pothole,HIGH,1 month,Daily,51-100,Yes,Village area,English,Synthetic initial dataset
VCGIS-0431,There is a road issue on the main road: the speed breaker is broken. It happens frequently and has continued for 2 weeks. Children and older people are finding it difficult to cross.,ROAD,Damaged Speed Breaker,HIGH,2 weeks,Frequently,21-50,Yes,College area,English,Synthetic initial dataset
VCGIS-1423,I want to report the local tank is not supplying water at the market junction. The problem has been there for 2 weeks. People are worried about using the water. Kindly arrange a field inspection and repair.,WATER,Water Tank Problem,MEDIUM,2 weeks,Frequently,21-50,No,Residential area,English,Synthetic initial dataset
VCGIS-0608,There is no electricity at the market junction 1 day. Nearby homes are being affected. The issue has been noticed by several nearby residents.,ELECTRICITY,Power Outage,CRITICAL,1 day,Continuously,More than 100,Yes,Village area,English,Synthetic initial dataset
VCGIS-1356,On the main road has a water problem: the pumping system is down. Several houses have reported the same problem. The concerned department should check this location.,WATER,Pump Failure,HIGH,3 days,Daily,51-100,No,College area,English,Synthetic initial dataset
VCGIS-1122,I want to report our taps are dry at the market junction. The problem has been there for 7 days. The issue is disrupting normal household activities. Please resolve the problem as soon as possible.,WATER,No Water Supply,CRITICAL,7 days,Continuously,More than 100,Yes,Public road,English,Synthetic initial dataset
VCGIS-0936,Beside the temple has an electricity problem: wiring is visible near the roadside. There is no warning sign around the affected equipment. The concerned department should check this location.,ELECTRICITY,Exposed Electrical Cable,CRITICAL,2 days,Continuously,21-50,Yes,Market area,English,Synthetic initial dataset
VCGIS-0069,Please check near the apartment entrance. Several potholes and vehicles are struggling to pass. This has been going on for 2 weeks. Please resolve the problem as soon as possible.,ROAD,Pothole,MEDIUM,2 weeks,Frequently,21-50,No,College area,English,Synthetic initial dataset
VCGIS-1041,I want to report water has stopped coming behind the local market. The problem has been there for 2 days. Residents are having to arrange water from elsewhere. Kindly send a team to assess and fix the problem.,WATER,No Water Supply,MEDIUM,2 days,Daily,21-50,No,Bus/transport area,English,Synthetic initial dataset
VCGIS-0033,There is a road issue near the hospital: several potholes. It happens occasionally and has continued for 3 days. Two-wheelers are having difficulty using the stretch.,ROAD,Pothole,LOW,3 days,Occasionally,6-20,No,College area,English,Synthetic initial dataset
VCGIS-1249,"A water pipeline is leaking at the market junction. It has continued for 4 days, and people are struggling with daily water needs. Residents have already tried reporting the issue locally. Please inspect the issue and take necessary action.",WATER,Pipeline Leakage,MEDIUM,4 days,Continuously,21-50,No,Public road,English,Synthetic initial dataset
VCGIS-0473,Please check near the college gate. The manhole cover is broken and vehicles are struggling to pass. This has been going on for 3 days. The concerned department should check this location.,ROAD,Damaged Manhole,CRITICAL,3 days,Continuously,51-100,Yes,Market area,English,Synthetic initial dataset
VCGIS-0029,I want to report deep potholes near the community hall. The problem has continued for 3 days. Children and older people are finding it difficult to cross. Please inspect the issue and take necessary action.,ROAD,Pothole,LOW,3 days,Occasionally,6-20,No,College area,English,Synthetic initial dataset
VCGIS-0230,Please check near the bus stop. Uneven asphalt and riders are having to suddenly change direction. This has been going on for 2 months. Please inspect the issue and take necessary action.,ROAD,Road Damage,HIGH,2 months,Daily,51-100,Yes,Market area,English,Synthetic initial dataset
VCGIS-0761,I want to report the transformer is overheating near the public library. It has been happening for 1 day. Nearby homes are being affected. The concerned department should check this location.,ELECTRICITY,Transformer Problem,CRITICAL,1 day,Continuously,More than 100,Yes,Village area,English,Synthetic initial dataset
VCGIS-1149,There is no water supply near the hospital for 7 days. Several households are affected. Several houses have reported the same problem.,WATER,No Water Supply,CRITICAL,7 days,Continuously,More than 100,Yes,Village area,English,Synthetic initial dataset
VCGIS-1295,I want to report water is gushing from a broken pipeline at the market junction. The problem has been there for 1 day. The issue is disrupting normal household activities. Please inspect the issue and take necessary action.,WATER,Pipeline Burst,HIGH,1 day,Continuously,51-100,Yes,Bus/transport area,English,Synthetic initial dataset
VCGIS-1368,The pumping system is down near the bus stop for 3 days. Residents are having to arrange water from elsewhere. Residents have already tried reporting the issue locally.,WATER,Pump Failure,CRITICAL,3 days,Daily,51-100,No,Public road,English,Synthetic initial dataset
VCGIS-0172,Near the public library has a badly damaged road surface. It has been happening for 2 weeks and children and older people are finding it difficult to cross. It is especially difficult to notice the damage at night.,ROAD,Road Damage,MEDIUM,2 weeks,Frequently,21-50,No,Bus/transport area,English,Synthetic initial dataset
VCGIS-1180,I want to report the tap flow is weak near the community hall. The problem has been there for 1 week. The issue is disrupting normal household activities. Please inspect the issue and take necessary action.,WATER,Low Water Pressure,MEDIUM,1 week,Daily,21-50,No,Public road,English,Synthetic initial dataset
VCGIS-1347,Near the village office has a water problem: the borewell has failed. Residents have already tried reporting the issue locally. The concerned department should check this location.,WATER,Borewell Failure,HIGH,1 week,Daily,51-100,No,College area,English,Synthetic initial dataset
VCGIS-0807,Please check near the apartment entrance. The pole looks unstable and people are worried about electrical safety. The problem has existed for 3 days.,ELECTRICITY,Electrical Pole Damage,HIGH,3 days,Continuously,51-100,Yes,College area,English,Synthetic initial dataset
VCGIS-0334,I want to report the road is badly waterlogged near the bus stop. The problem has continued for 1 week. Vehicles are struggling to pass. The concerned department should check this location.,ROAD,Waterlogged Road,HIGH,1 week,Daily,51-100,Yes,Village area,English,Synthetic initial dataset
VCGIS-0968,There are repeated sparks near the connection near the playground 1 day. People are worried about electrical safety. Residents are worried that someone could get hurt.,ELECTRICITY,Sparking,HIGH,1 day,Frequently,21-50,Yes,Village area,English,Synthetic initial dataset
VCGIS-1277,Water is gushing from a broken pipeline at the market junction for 1 day. The issue is disrupting normal household activities. People are having to depend on alternative sources.,WATER,Pipeline Burst,HIGH,1 day,Continuously,51-100,Yes,Village area,English,Synthetic initial dataset
VCGIS-0321,"The road is badly waterlogged in our residential layout. It has been like this for 1 week, and pedestrians are being forced to move onto the road. People have complained about the same spot before. Please resolve the problem as soon as possible.",ROAD,Waterlogged Road,HIGH,1 week,Daily,51-100,Yes,Public road,English,Synthetic initial dataset
VCGIS-0863,Behind the local market has an electricity problem: a wire is hanging very low. Residents are worried that someone could get hurt. Please resolve the problem as soon as possible.,ELECTRICITY,Broken/Low-Hanging Wire,CRITICAL,1 day,Continuously,21-50,Yes,Bus/transport area,English,Synthetic initial dataset
VCGIS-0813,"The electric pole is leaning at the market junction. The issue has continued for 3 days, and people are worried about electrical safety. The issue has been noticed by several nearby residents. Please resolve the problem as soon as possible.",ELECTRICITY,Electrical Pole Damage,HIGH,3 days,Continuously,51-100,Yes,Market area,English,Synthetic initial dataset
VCGIS-0791,I want to report the transformer appears faulty at the market junction. It has been happening for 1 day. The area becomes difficult to use after dark. The concerned department should check this location.,ELECTRICITY,Transformer Problem,CRITICAL,1 day,Continuously,More than 100,Yes,Public road,English,Synthetic initial dataset
VCGIS-1361,Close to the petrol bunk has a water problem: the pump appears to have failed. The problem is becoming more frequent. Please inspect the issue and take necessary action.,WATER,Pump Failure,HIGH,3 days,Daily,51-100,No,Market area,English,Synthetic initial dataset
VCGIS-1003,Near the college gate has a water problem: water has stopped coming. The issue is particularly difficult for elderly residents. Please take appropriate corrective action.,WATER,No Water Supply,MEDIUM,2 days,Daily,21-50,No,Market area,English,Synthetic initial dataset
VCGIS-1449,In our residential layout has a water problem: the water tank is overflowing. Residents have already tried reporting the issue locally. The concerned department should check this location.,WATER,Water Tank Problem,MEDIUM,2 weeks,Frequently,21-50,No,Bus/transport area,English,Synthetic initial dataset
VCGIS-0237,I want to report cracks across the road close to the railway station. The problem has continued for 2 months. Riders are having to suddenly change direction. Please resolve the problem as soon as possible.,ROAD,Road Damage,HIGH,2 months,Daily,51-100,Yes,Village area,English,Synthetic initial dataset
VCGIS-0697,Beside the public park has an electricity problem: the street is dark because the light is off. The issue has been noticed by several nearby residents. The concerned department should check this location.,ELECTRICITY,Streetlight Failure,MEDIUM,2 weeks,Daily,21-50,Yes,Bus/transport area,English,Synthetic initial dataset
VCGIS-1379,Please check near the community hall. The pumping system is down and residents are having to arrange water from elsewhere. This has been happening for 3 days.,WATER,Pump Failure,HIGH,3 days,Daily,51-100,No,Public road,English,Synthetic initial dataset
VCGIS-1395,Near the public library has a water problem: the water pump is not working. Residents have already tried reporting the issue locally. The concerned department should check this location.,WATER,Pump Failure,HIGH,3 days,Daily,51-100,No,College area,English,Synthetic initial dataset
VCGIS-0247,There is a road issue at the market junction: a badly damaged road surface. It happens daily and has continued for 2 months. Two-wheelers are having difficulty using the stretch.,ROAD,Road Damage,HIGH,2 months,Daily,51-100,Yes,Residential area,English,Synthetic initial dataset
VCGIS-0999,"Sparks are coming from the electrical equipment near the college gate. The issue has continued for 1 day, and people are worried about electrical safety. There is no warning sign around the affected equipment. Please inspect the issue and take necessary action.",ELECTRICITY,Sparking,CRITICAL,1 day,Frequently,21-50,Yes,Public road,English,Synthetic initial dataset
VCGIS-1265,The supply pipe has burst behind the local market for 1 day. People are worried about using the water. Residents have already tried reporting the issue locally.,WATER,Pipeline Burst,HIGH,1 day,Continuously,51-100,Yes,Residential area,English,Synthetic initial dataset
VCGIS-0980,I want to report the pole is producing sparks beside the public park. It has been happening for 1 day. Nearby homes are being affected. The concerned department should check this location.,ELECTRICITY,Sparking,CRITICAL,1 day,Frequently,21-50,Yes,Public road,English,Synthetic initial dataset
VCGIS-1070,"There is no water supply beside the public park. It has continued for 5 days, and people are worried about using the water. Several houses have reported the same problem. Please resolve the problem as soon as possible.",WATER,No Water Supply,HIGH,5 days,Daily,51-100,No,Market area,English,Synthetic initial dataset
VCGIS-0716,"The transformer is overheating close to the petrol bunk. The issue has continued for 2 days, and shops and residents are facing disruption. The issue has been noticed by several nearby residents. The concerned department should check this location.",ELECTRICITY,Transformer Problem,HIGH,2 days,Frequently,51-100,Yes,Market area,English,Synthetic initial dataset
VCGIS-0442,I want to report the speed breaker is uneven near the public library. The problem has continued for 2 weeks. Two-wheelers are having difficulty using the stretch. Please inspect the issue and take necessary action.,ROAD,Damaged Speed Breaker,HIGH,2 weeks,Frequently,21-50,Yes,Bus/transport area,English,Synthetic initial dataset
VCGIS-0338,I want to report rainwater is covering the road behind the local market. The problem has continued for 1 week. Two-wheelers are having difficulty using the stretch. Please take appropriate corrective action.,ROAD,Waterlogged Road,HIGH,1 week,Daily,51-100,Yes,Bus/transport area,English,Synthetic initial dataset
VCGIS-1427,Near the playground has a water problem: the water tank is overflowing. Residents have already tried reporting the issue locally. Please take appropriate corrective action.,WATER,Water Tank Problem,MEDIUM,2 weeks,Frequently,21-50,No,Bus/transport area,English,Synthetic initial dataset
VCGIS-0730,The transformer appears faulty near the main junction 2 days. Several households are affected. The fault appears to be getting worse.,ELECTRICITY,Transformer Problem,HIGH,2 days,Frequently,51-100,Yes,Market area,English,Synthetic initial dataset
VCGIS-0784,Please check near the village office. The transformer appears faulty and shops and residents are facing disruption. The problem has existed for 1 day.,ELECTRICITY,Transformer Problem,CRITICAL,1 day,Continuously,More than 100,Yes,College area,English,Synthetic initial dataset
VCGIS-1161,Close to the railway station has a water problem: only a small amount of water is coming. Several houses have reported the same problem. Please take appropriate corrective action.,WATER,Low Water Pressure,MEDIUM,1 week,Daily,21-50,No,Residential area,English,Synthetic initial dataset
VCGIS-1362,"The supply pump has stopped beside the government school. It has continued for 3 days, and people are struggling with daily water needs. Several houses have reported the same problem. Kindly arrange a field inspection and repair.",WATER,Pump Failure,HIGH,3 days,Daily,51-100,No,Public road,English,Synthetic initial dataset
VCGIS-1314,Close to the railway station has a water problem: the borewell pump has stopped. Residents have already tried reporting the issue locally. Please take appropriate corrective action.,WATER,Borewell Failure,HIGH,1 week,Daily,51-100,No,College area,English,Synthetic initial dataset
VCGIS-0699,Please check near the bus stop. The streetlight is not working and shops and residents are facing disruption. The problem has existed for 2 weeks.,ELECTRICITY,Streetlight Failure,MEDIUM,2 weeks,Daily,21-50,Yes,College area,English,Synthetic initial dataset
VCGIS-1120,Please check near the village office. The street has no water and several households are affected. This has been happening for 7 days.,WATER,No Water Supply,CRITICAL,7 days,Continuously,More than 100,Yes,Residential area,English,Synthetic initial dataset
VCGIS-0157,Please check in our residential layout. Cracks across the road and two-wheelers are having difficulty using the stretch. This has been going on for 2 weeks. The concerned department should check this location.,ROAD,Road Damage,MEDIUM,2 weeks,Frequently,21-50,No,Village area,English,Synthetic initial dataset
VCGIS-0628,"The whole area has lost power near the playground. The issue has continued for 1 day, and the area becomes difficult to use after dark. The fault appears to be getting worse. The concerned department should check this location.",ELECTRICITY,Power Outage,CRITICAL,1 day,Continuously,More than 100,Yes,Public road,English,Synthetic initial dataset
VCGIS-1225,Please check behind the local market. A water pipeline is leaking and nearby families are affected. This has been happening for 4 days.,WATER,Pipeline Leakage,MEDIUM,4 days,Continuously,21-50,No,Village area,English,Synthetic initial dataset
VCGIS-0562,I want to report the whole area has lost power near the village office. It has been happening for 3 days. Shops and residents are facing disruption. Kindly send a team to assess and fix the problem.,ELECTRICITY,Power Outage,HIGH,3 days,Daily,51-100,No,Bus/transport area,English,Synthetic initial dataset
VCGIS-0576,Near the public library has an electricity problem: the power is out. There is no warning sign around the affected equipment. Please resolve the problem as soon as possible.,ELECTRICITY,Power Outage,HIGH,3 days,Daily,51-100,No,Bus/transport area,English,Synthetic initial dataset
VCGIS-0531,Please check near the village office. Electricity keeps going off and visibility is poor in the evening. The problem has existed for 1 day.,ELECTRICITY,Power Outage,MEDIUM,1 day,Occasionally,21-50,No,Public road,English,Synthetic initial dataset
VCGIS-1223,"A water pipeline is leaking near the village office. It has continued for 4 days, and nearby families are affected. Residents have already tried reporting the issue locally. Please inspect the issue and take necessary action.",WATER,Pipeline Leakage,MEDIUM,4 days,Continuously,21-50,No,Public road,English,Synthetic initial dataset
VCGIS-0398,"The footpath has become uneven beside the government school. It has been like this for 1 month, and traffic slows down around the location. A two-wheeler nearly lost balance there recently. Please resolve the problem as soon as possible.",ROAD,Footpath Damage,MEDIUM,1 month,Frequently,21-50,No,Village area,English,Synthetic initial dataset
VCGIS-1401,I want to report the local tank is not supplying water close to the railway station. The problem has been there for 2 weeks. Several households are affected. The concerned department should check this location.,WATER,Water Tank Problem,HIGH,2 weeks,Frequently,21-50,No,Residential area,English,Synthetic initial dataset
VCGIS-0544,On the main road has an electricity problem: there is no electricity. The fault appears to be getting worse. Please resolve the problem as soon as possible.,ELECTRICITY,Power Outage,MEDIUM,1 day,Occasionally,21-50,No,Residential area,English,Synthetic initial dataset
VCGIS-1212,Please check near the apartment entrance. A water pipeline is leaking and people are struggling with daily water needs. This has been happening for 4 days.,WATER,Pipeline Leakage,MEDIUM,4 days,Continuously,21-50,No,College area,English,Synthetic initial dataset
VCGIS-0729,At the market junction has an electricity problem: the transformer appears faulty. Residents are worried that someone could get hurt. Please resolve the problem as soon as possible.,ELECTRICITY,Transformer Problem,HIGH,2 days,Frequently,51-100,Yes,Market area,English,Synthetic initial dataset
VCGIS-1155,Beside the public park has a water problem: only a small amount of water is coming. Several houses have reported the same problem. Please inspect the issue and take necessary action.,WATER,Low Water Pressure,MEDIUM,1 week,Daily,21-50,No,Public road,English,Synthetic initial dataset
VCGIS-0695,Please check near the playground. Several streetlights are off and visibility is poor in the evening. The problem has existed for 2 weeks.,ELECTRICITY,Streetlight Failure,MEDIUM,2 weeks,Daily,21-50,Yes,College area,English,Synthetic initial dataset
VCGIS-1322,I want to report the borewell is not working behind the local market. The problem has been there for 1 week. People are struggling with daily water needs. Please resolve the problem as soon as possible.,WATER,Borewell Failure,HIGH,1 week,Daily,51-100,No,Public road,English,Synthetic initial dataset
VCGIS-1380,Please check near the apartment entrance. The pumping system is down and people are worried about using the water. This has been happening for 3 days.,WATER,Pump Failure,HIGH,3 days,Daily,51-100,No,Public road,English,Synthetic initial dataset
VCGIS-0147,I want to report a large pothole in our residential layout. The problem has continued for 1 month. Riders are having to suddenly change direction. Kindly arrange a field inspection and repair.,ROAD,Pothole,HIGH,1 month,Daily,51-100,Yes,Village area,English,Synthetic initial dataset
VCGIS-0724,Please check in our residential layout. The transformer is overheating and several households are affected. The problem has existed for 2 days.,ELECTRICITY,Transformer Problem,HIGH,2 days,Frequently,51-100,Yes,Bus/transport area,English,Synthetic initial dataset
VCGIS-1119,"Water has stopped coming close to the petrol bunk. It has continued for 7 days, and several households are affected. People are having to depend on alternative sources. Please resolve the problem as soon as possible.",WATER,No Water Supply,CRITICAL,7 days,Continuously,More than 100,Yes,College area,English,Synthetic initial dataset
VCGIS-1338,Beside the public park has a water problem: the borewell is not working. The problem is becoming more frequent. Kindly arrange a field inspection and repair.,WATER,Borewell Failure,HIGH,1 week,Daily,51-100,No,Public road,English,Synthetic initial dataset
VCGIS-0555,I want to report electricity keeps going off near the hospital. It has been happening for 3 days. Nearby homes are being affected. Kindly arrange a field inspection and repair.,ELECTRICITY,Power Outage,HIGH,3 days,Daily,51-100,No,Public road,English,Synthetic initial dataset
VCGIS-0095,Please check near the college gate. A large pothole and pedestrians are being forced to move onto the road. This has been going on for 2 weeks. Please inspect the issue and take necessary action.,ROAD,Pothole,MEDIUM,2 weeks,Frequently,21-50,No,Public road,English,Synthetic initial dataset
VCGIS-0787,I want to report the transformer is making a loud noise near the community hall. It has been happening for 1 day. Shops and residents are facing disruption. Kindly send a team to assess and fix the problem.,ELECTRICITY,Transformer Problem,CRITICAL,1 day,Continuously,More than 100,Yes,Bus/transport area,English,Synthetic initial dataset
VCGIS-0739,Near the bus stop has an electricity problem: the transformer is making a loud noise. The issue has been noticed by several nearby residents. Kindly send a team to assess and fix the problem.,ELECTRICITY,Transformer Problem,HIGH,2 days,Frequently,51-100,Yes,Village area,English,Synthetic initial dataset
VCGIS-0107,In our residential layout has a large pothole. It has been happening for 1 month and traffic slows down around the location. There is no warning sign around the damaged section.,ROAD,Pothole,HIGH,1 month,Daily,51-100,Yes,Village area,English,Synthetic initial dataset
VCGIS-0221,I want to report cracks across the road beside the public park. The problem has continued for 2 months. Two-wheelers are having difficulty using the stretch. Kindly arrange a field inspection and repair.,ROAD,Road Damage,HIGH,2 months,Daily,51-100,Yes,Village area,English,Synthetic initial dataset
VCGIS-1422,Please check on the main road. The local tank is not supplying water and the issue is disrupting normal household activities. This has been happening for 2 weeks.,WATER,Water Tank Problem,MEDIUM,2 weeks,Frequently,21-50,No,Public road,English,Synthetic initial dataset
VCGIS-0966,I want to report the pole is producing sparks in our residential layout. It has been happening for 1 day. The area becomes difficult to use after dark. Please inspect the issue and take necessary action.,ELECTRICITY,Sparking,CRITICAL,1 day,Frequently,21-50,Yes,Village area,English,Synthetic initial dataset
VCGIS-1495,I want to report people are reporting unsafe-looking drinking water near the playground. The problem has been there for 2 days. Nearby families are affected. Please resolve the problem as soon as possible.,WATER,Water Contamination,CRITICAL,2 days,Continuously,51-100,Yes,Market area,English,Synthetic initial dataset
VCGIS-1350,Please check near the apartment entrance. The borewell has failed and people are worried about using the water. This has been happening for 1 week.,WATER,Borewell Failure,HIGH,1 week,Daily,51-100,No,Village area,English,Synthetic initial dataset
VCGIS-0709,The transformer appears faulty near the public library 2 days. Visibility is poor in the evening. The issue has been noticed by several nearby residents.,ELECTRICITY,Transformer Problem,HIGH,2 days,Frequently,51-100,Yes,Residential area,English,Synthetic initial dataset
VCGIS-0063,Please check on the main road. A dangerous pothole and children and older people are finding it difficult to cross. This has been going on for 2 weeks. Please resolve the problem as soon as possible.,ROAD,Pothole,MEDIUM,2 weeks,Frequently,21-50,No,College area,English,Synthetic initial dataset
VCGIS-0251,Please check beside the temple. The roadside has caved in and riders are having to suddenly change direction. This has been going on for 1 day. Please inspect the issue and take necessary action.,ROAD,Road Collapse,HIGH,1 day,Continuously,More than 100,Yes,College area,English,Synthetic initial dataset
VCGIS-1349,I want to report the local borewell is not supplying water behind the local market. The problem has been there for 1 week. Several households are affected. The concerned department should check this location.,WATER,Borewell Failure,HIGH,1 week,Daily,51-100,No,Village area,English,Synthetic initial dataset
VCGIS-0554,Please check on the main road. The whole area has lost power and the area becomes difficult to use after dark. The problem has existed for 3 days.,ELECTRICITY,Power Outage,HIGH,3 days,Daily,51-100,No,Village area,English,Synthetic initial dataset
VCGIS-0057,Please check near the bus stop. Several potholes and traffic slows down around the location. This has been going on for 2 weeks. The concerned department should check this location.,ROAD,Pothole,MEDIUM,2 weeks,Frequently,21-50,No,Village area,English,Synthetic initial dataset
VCGIS-1351,The pumping system is down beside the government school for 3 days. Nearby families are affected. People are having to depend on alternative sources.,WATER,Pump Failure,CRITICAL,3 days,Daily,51-100,No,Public road,English,Synthetic initial dataset
VCGIS-0969,Near the apartment entrance has an electricity problem: the pole is producing sparks. The issue has been noticed by several nearby residents. Kindly arrange a field inspection and repair.,ELECTRICITY,Sparking,CRITICAL,1 day,Frequently,21-50,Yes,Bus/transport area,English,Synthetic initial dataset
VCGIS-1443,Please check beside the public park. The water tank is not filling and the issue is disrupting normal household activities. This has been happening for 2 weeks.,WATER,Water Tank Problem,MEDIUM,2 weeks,Frequently,21-50,No,Market area,English,Synthetic initial dataset
VCGIS-0679,Several streetlights are off close to the petrol bunk 2 weeks. The area becomes difficult to use after dark. There is no warning sign around the affected equipment.,ELECTRICITY,Streetlight Failure,MEDIUM,2 weeks,Daily,21-50,Yes,Village area,English,Synthetic initial dataset
VCGIS-0044,There is a road issue near the village office: several potholes. It happens occasionally and has continued for 3 days. Traffic slows down around the location.,ROAD,Pothole,LOW,3 days,Occasionally,6-20,No,Market area,English,Synthetic initial dataset
VCGIS-0540,"The power is out in our residential layout. The issue has continued for 1 day, and nearby homes are being affected. The issue has been noticed by several nearby residents. Kindly arrange a field inspection and repair.",ELECTRICITY,Power Outage,MEDIUM,1 day,Occasionally,21-50,No,Residential area,English,Synthetic initial dataset
VCGIS-0080,"Several potholes close to the railway station. It has been like this for 2 weeks, and pedestrians are being forced to move onto the road. People have complained about the same spot before. Kindly arrange a field inspection and repair.",ROAD,Pothole,MEDIUM,2 weeks,Frequently,21-50,No,Bus/transport area,English,Synthetic initial dataset
VCGIS-0911,I want to report a cable has lost its insulation near the village office. It has been happening for 2 days. Shops and residents are facing disruption. Please take appropriate corrective action.,ELECTRICITY,Exposed Electrical Cable,CRITICAL,2 days,Continuously,21-50,Yes,Residential area,English,Synthetic initial dataset
VCGIS-1405,"The water tank is not filling near the college gate. It has continued for 2 weeks, and several households are affected. Residents have already tried reporting the issue locally. Please resolve the problem as soon as possible.",WATER,Water Tank Problem,MEDIUM,2 weeks,Frequently,21-50,No,Bus/transport area,English,Synthetic initial dataset
VCGIS-1478,"The water is unusually dirty behind the local market. It has continued for 2 days, and people are worried about using the water. Residents have already tried reporting the issue locally. Please take appropriate corrective action.",WATER,Water Contamination,CRITICAL,2 days,Continuously,51-100,Yes,College area,English,Synthetic initial dataset
VCGIS-0444,In our residential layout has the speed breaker is broken. It has been happening for 2 weeks and children and older people are finding it difficult to cross. There is no warning sign around the damaged section.,ROAD,Damaged Speed Breaker,HIGH,2 weeks,Frequently,21-50,Yes,Village area,English,Synthetic initial dataset
VCGIS-0609,I want to report the whole area has lost power on the main road. It has been happening for 1 day. Nearby homes are being affected. Please take appropriate corrective action.,ELECTRICITY,Power Outage,CRITICAL,1 day,Continuously,More than 100,Yes,College area,English,Synthetic initial dataset
VCGIS-0811,The electric pole is leaning beside the public park 3 days. Nearby homes are being affected. The fault appears to be getting worse.,ELECTRICITY,Electrical Pole Damage,HIGH,3 days,Continuously,51-100,Yes,College area,English,Synthetic initial dataset
VCGIS-0118,There is a road issue near the public library: several potholes. It happens daily and has continued for 1 month. Children and older people are finding it difficult to cross.,ROAD,Pothole,CRITICAL,1 month,Daily,51-100,Yes,Village area,English,Synthetic initial dataset
VCGIS-0696,I want to report the street is dark because the light is off near the apartment entrance. It has been happening for 2 weeks. People are worried about electrical safety. Please resolve the problem as soon as possible.,ELECTRICITY,Streetlight Failure,MEDIUM,2 weeks,Daily,21-50,Yes,College area,English,Synthetic initial dataset
VCGIS-0357,Please check near the apartment entrance. The footpath has become uneven and vehicles are struggling to pass. This has been going on for 1 month. Please resolve the problem as soon as possible.,ROAD,Footpath Damage,MEDIUM,1 month,Frequently,21-50,No,Public road,English,Synthetic initial dataset
VCGIS-0620,There is no electricity close to the petrol bunk 1 day. People are worried about electrical safety. There is no warning sign around the affected equipment.,ELECTRICITY,Power Outage,CRITICAL,1 day,Continuously,More than 100,Yes,Residential area,English,Synthetic initial dataset
VCGIS-1340,"The borewell is not working behind the local market. It has continued for 1 week, and residents are having to arrange water from elsewhere. People are having to depend on alternative sources. Please resolve the problem as soon as possible.",WATER,Borewell Failure,HIGH,1 week,Daily,51-100,No,Market area,English,Synthetic initial dataset
VCGIS-0770,Near the college gate has an electricity problem: the transformer appears faulty. The problem is worse after sunset. Please take appropriate corrective action.,ELECTRICITY,Transformer Problem,CRITICAL,1 day,Continuously,More than 100,Yes,Public road,English,Synthetic initial dataset
VCGIS-0860,An electrical wire has come loose close to the petrol bunk 1 day. The area becomes difficult to use after dark. The fault appears to be getting worse.,ELECTRICITY,Broken/Low-Hanging Wire,CRITICAL,1 day,Continuously,21-50,Yes,Residential area,English,Synthetic initial dataset
VCGIS-1151,The tap flow is weak near the college gate for 1 week. Nearby families are affected. The problem is becoming more frequent.,WATER,Low Water Pressure,HIGH,1 week,Daily,21-50,No,Bus/transport area,English,Synthetic initial dataset
VCGIS-0701,The transformer appears faulty near the college gate 2 days. Several households are affected. Residents are worried that someone could get hurt.,ELECTRICITY,Transformer Problem,CRITICAL,2 days,Frequently,51-100,Yes,Residential area,English,Synthetic initial dataset
VCGIS-0412,I want to report the speed breaker has a sharp broken edge behind the local market. The problem has continued for 2 weeks. Traffic slows down around the location. Please resolve the problem as soon as possible.,ROAD,Damaged Speed Breaker,HIGH,2 weeks,Frequently,21-50,Yes,Public road,English,Synthetic initial dataset
VCGIS-0164,I want to report uneven asphalt beside the public park. The problem has continued for 2 weeks. Riders are having to suddenly change direction. Please inspect the issue and take necessary action.,ROAD,Road Damage,MEDIUM,2 weeks,Frequently,21-50,No,Village area,English,Synthetic initial dataset
VCGIS-1083,Beside the public park has a water problem: there is no water supply. The problem is becoming more frequent. The concerned department should check this location.,WATER,No Water Supply,HIGH,5 days,Daily,51-100,No,Market area,English,Synthetic initial dataset
VCGIS-0452,"The manhole cover is missing close to the petrol bunk. It has been like this for 3 days, and pedestrians are being forced to move onto the road. It is especially difficult to notice the damage at night. Please take appropriate corrective action.",ROAD,Damaged Manhole,CRITICAL,3 days,Continuously,51-100,Yes,Village area,English,Synthetic initial dataset
VCGIS-1138,"The street has no water beside the government school. It has continued for 7 days, and people are struggling with daily water needs. Residents have already tried reporting the issue locally. Please inspect the issue and take necessary action.",WATER,No Water Supply,CRITICAL,7 days,Continuously,More than 100,Yes,Residential area,English,Synthetic initial dataset
VCGIS-0618,"There is no electricity near the community hall. The issue has continued for 1 day, and people are worried about electrical safety. The issue has been noticed by several nearby residents. The concerned department should check this location.",ELECTRICITY,Power Outage,HIGH,1 day,Continuously,More than 100,Yes,Market area,English,Synthetic initial dataset
VCGIS-1385,Near the hospital has a water problem: the supply pump has stopped. The problem is becoming more frequent. Please take appropriate corrective action.,WATER,Pump Failure,CRITICAL,3 days,Daily,51-100,No,Residential area,English,Synthetic initial dataset
VCGIS-1058,Please check near the hospital. The street has no water and several households are affected. This has been happening for 5 days.,WATER,No Water Supply,HIGH,5 days,Daily,51-100,No,Public road,English,Synthetic initial dataset
VCGIS-1431,I want to report the community tank is damaged behind the local market. The problem has been there for 2 weeks. People are struggling with daily water needs. The concerned department should check this location.,WATER,Water Tank Problem,MEDIUM,2 weeks,Frequently,21-50,No,Market area,English,Synthetic initial dataset
VCGIS-0223,Close to the railway station has cracks across the road. It has been happening for 2 months and two-wheelers are having difficulty using the stretch. A two-wheeler nearly lost balance there recently.,ROAD,Road Damage,HIGH,2 months,Daily,51-100,Yes,Bus/transport area,English,Synthetic initial dataset
VCGIS-1408,Please check beside the public park. The water tank is overflowing and the issue is disrupting normal household activities. This has been happening for 2 weeks.,WATER,Water Tank Problem,MEDIUM,2 weeks,Frequently,21-50,No,Residential area,English,Synthetic initial dataset
VCGIS-1287,A main pipe has broken behind the local market for 1 day. The issue is disrupting normal household activities. People are having to depend on alternative sources.,WATER,Pipeline Burst,HIGH,1 day,Continuously,51-100,Yes,Public road,English,Synthetic initial dataset
VCGIS-0341,I want to report the road stays flooded after rain near the hospital. The problem has continued for 1 week. Pedestrians are being forced to move onto the road. Kindly arrange a field inspection and repair.,ROAD,Waterlogged Road,HIGH,1 week,Daily,51-100,Yes,Residential area,English,Synthetic initial dataset
VCGIS-0965,Sparks are coming from the electrical equipment near the playground 1 day. Shops and residents are facing disruption. Residents are worried that someone could get hurt.,ELECTRICITY,Sparking,CRITICAL,1 day,Frequently,21-50,Yes,Residential area,English,Synthetic initial dataset
VCGIS-0890,I want to report a wire is hanging very low close to the petrol bunk. It has been happening for 1 day. The area becomes difficult to use after dark. Please inspect the issue and take necessary action.,ELECTRICITY,Broken/Low-Hanging Wire,CRITICAL,1 day,Continuously,21-50,Yes,Residential area,English,Synthetic initial dataset
VCGIS-0690,The streetlight is not working on the main road 2 weeks. Several households are affected. The problem is worse after sunset.,ELECTRICITY,Streetlight Failure,MEDIUM,2 weeks,Daily,21-50,Yes,Residential area,English,Synthetic initial dataset
VCGIS-0234,There is a road issue on the main road: a badly damaged road surface. It happens daily and has continued for 2 months. Pedestrians are being forced to move onto the road.,ROAD,Road Damage,HIGH,2 months,Daily,51-100,Yes,Market area,English,Synthetic initial dataset
VCGIS-1015,Please check near the village office. Our taps are dry and residents are having to arrange water from elsewhere. This has been happening for 2 days.,WATER,No Water Supply,MEDIUM,2 days,Daily,21-50,No,Public road,English,Synthetic initial dataset
VCGIS-1006,Our taps are dry near the apartment entrance for 2 days. The issue is disrupting normal household activities. Residents have already tried reporting the issue locally.,WATER,No Water Supply,MEDIUM,2 days,Daily,21-50,No,College area,English,Synthetic initial dataset
VCGIS-0758,Please check near the main junction. The transformer has stopped working and the area becomes difficult to use after dark. The problem has existed for 1 day.,ELECTRICITY,Transformer Problem,CRITICAL,1 day,Continuously,More than 100,Yes,Residential area,English,Synthetic initial dataset
VCGIS-0342,There is a road issue in our residential layout: the road is badly waterlogged. It happens daily and has continued for 1 week. Riders are having to suddenly change direction.,ROAD,Waterlogged Road,HIGH,1 week,Daily,51-100,Yes,Bus/transport area,English,Synthetic initial dataset
VCGIS-0128,There is a road issue near the public library: deep potholes. It happens daily and has continued for 1 month. Two-wheelers are having difficulty using the stretch.,ROAD,Pothole,HIGH,1 month,Daily,51-100,Yes,Public road,English,Synthetic initial dataset
VCGIS-0507,Near the college gate has an electricity problem: the whole area has lost power. There is no warning sign around the affected equipment. Kindly send a team to assess and fix the problem.,ELECTRICITY,Power Outage,MEDIUM,1 day,Occasionally,21-50,No,Village area,English,Synthetic initial dataset
VCGIS-0325,Beside the public park has rainwater is covering the road. It has been happening for 1 week and pedestrians are being forced to move onto the road. There is no warning sign around the damaged section.,ROAD,Waterlogged Road,HIGH,1 week,Daily,51-100,Yes,Market area,English,Synthetic initial dataset
VCGIS-1207,I want to report a water pipeline is leaking near the public library. The problem has been there for 4 days. People are struggling with daily water needs. Please take appropriate corrective action.,WATER,Pipeline Leakage,MEDIUM,4 days,Continuously,21-50,No,Public road,English,Synthetic initial dataset
VCGIS-1487,I want to report people are reporting unsafe-looking drinking water near the main junction. The problem has been there for 2 days. Several households are affected. Please inspect the issue and take necessary action.,WATER,Water Contamination,CRITICAL,2 days,Continuously,51-100,Yes,Bus/transport area,English,Synthetic initial dataset
VCGIS-1248,Please check near the playground. There is a continuous pipe leak and people are struggling with daily water needs. This has been happening for 4 days.,WATER,Pipeline Leakage,MEDIUM,4 days,Continuously,21-50,No,Market area,English,Synthetic initial dataset
VCGIS-1164,The tap flow is weak beside the temple for 1 week. Several households are affected. Several houses have reported the same problem.,WATER,Low Water Pressure,MEDIUM,1 week,Daily,21-50,No,Bus/transport area,English,Synthetic initial dataset
VCGIS-1107,"There is no water supply near the main junction. It has continued for 7 days, and residents are having to arrange water from elsewhere. Residents have already tried reporting the issue locally. Kindly send a team to assess and fix the problem.",WATER,No Water Supply,CRITICAL,7 days,Continuously,More than 100,Yes,Bus/transport area,English,Synthetic initial dataset
VCGIS-1030,I want to report water has stopped coming close to the petrol bunk. The problem has been there for 2 days. Several households are affected. The concerned department should check this location.,WATER,No Water Supply,MEDIUM,2 days,Daily,21-50,No,Bus/transport area,English,Synthetic initial dataset
VCGIS-0453,There is a road issue near the playground: an open manhole is present. It happens continuously and has continued for 3 days. Riders are having to suddenly change direction.,ROAD,Damaged Manhole,CRITICAL,3 days,Continuously,51-100,Yes,Village area,English,Synthetic initial dataset
VCGIS-0804,I want to report the pole has visible cracks close to the railway station. It has been happening for 3 days. Visibility is poor in the evening. The concerned department should check this location.,ELECTRICITY,Electrical Pole Damage,HIGH,3 days,Continuously,51-100,Yes,Public road,English,Synthetic initial dataset
VCGIS-1355,The pump appears to have failed at the market junction for 3 days. The issue is disrupting normal household activities. The issue is particularly difficult for elderly residents.,WATER,Pump Failure,HIGH,3 days,Daily,51-100,No,College area,English,Synthetic initial dataset
VCGIS-1234,Near the hospital has a water problem: water is leaking from the main pipe. Several houses have reported the same problem. Please inspect the issue and take necessary action.,WATER,Pipeline Leakage,MEDIUM,4 days,Continuously,21-50,No,Public road,English,Synthetic initial dataset
VCGIS-1004,Please check near the bus stop. The street has no water and nearby families are affected. This has been happening for 2 days.,WATER,No Water Supply,MEDIUM,2 days,Daily,21-50,No,Village area,English,Synthetic initial dataset
VCGIS-0124,There is a road issue at the market junction: several potholes. It happens daily and has continued for 1 month. Pedestrians are being forced to move onto the road.,ROAD,Pothole,HIGH,1 month,Daily,51-100,Yes,Public road,English,Synthetic initial dataset
VCGIS-0012,There is a road issue near the village office: a dangerous pothole. It happens occasionally and has continued for 3 days. Traffic slows down around the location.,ROAD,Pothole,LOW,3 days,Occasionally,6-20,No,Bus/transport area,English,Synthetic initial dataset
VCGIS-0505,"The whole area has lost power near the playground. The issue has continued for 1 day, and shops and residents are facing disruption. The fault appears to be getting worse. The concerned department should check this location.",ELECTRICITY,Power Outage,MEDIUM,1 day,Occasionally,21-50,No,Bus/transport area,English,Synthetic initial dataset
VCGIS-0135,"A dangerous pothole behind the local market. It has been like this for 1 month, and traffic slows down around the location. The problem gets worse when it rains. Please take appropriate corrective action.",ROAD,Pothole,CRITICAL,1 month,Daily,51-100,Yes,Public road,English,Synthetic initial dataset
VCGIS-1441,Please check on the main road. The community tank is damaged and residents are having to arrange water from elsewhere. This has been happening for 2 weeks.,WATER,Water Tank Problem,MEDIUM,2 weeks,Frequently,21-50,No,Market area,English,Synthetic initial dataset
VCGIS-1342,I want to report the borewell pump has stopped close to the petrol bunk. The problem has been there for 1 week. People are worried about using the water. Please inspect the issue and take necessary action.,WATER,Borewell Failure,HIGH,1 week,Daily,51-100,No,Public road,English,Synthetic initial dataset
VCGIS-0895,Please check beside the government school. An electrical wire has come loose and people are worried about electrical safety. The problem has existed for 1 day.,ELECTRICITY,Broken/Low-Hanging Wire,CRITICAL,1 day,Continuously,21-50,Yes,Bus/transport area,English,Synthetic initial dataset
VCGIS-0411,I want to report the speed breaker is broken near the village office. The problem has continued for 2 weeks. Vehicles are struggling to pass. Please inspect the issue and take necessary action.,ROAD,Damaged Speed Breaker,HIGH,2 weeks,Frequently,21-50,Yes,Public road,English,Synthetic initial dataset
VCGIS-1446,I want to report the community tank is damaged near the community hall. The problem has been there for 2 weeks. Several households are affected. Please resolve the problem as soon as possible.,WATER,Water Tank Problem,MEDIUM,2 weeks,Frequently,21-50,No,Market area,English,Synthetic initial dataset
VCGIS-0605,I want to report the whole area has lost power near the bus stop. It has been happening for 1 day. Nearby homes are being affected. Kindly arrange a field inspection and repair.,ELECTRICITY,Power Outage,CRITICAL,1 day,Continuously,More than 100,Yes,Village area,English,Synthetic initial dataset
VCGIS-0170,There is a road issue near the village office: a badly damaged road surface. It happens frequently and has continued for 2 weeks. Traffic slows down around the location.,ROAD,Road Damage,MEDIUM,2 weeks,Frequently,21-50,No,Bus/transport area,English,Synthetic initial dataset
VCGIS-0706,The transformer appears faulty in our residential layout 2 days. Several households are affected. There is no warning sign around the affected equipment.,ELECTRICITY,Transformer Problem,HIGH,2 days,Frequently,51-100,Yes,Bus/transport area,English,Synthetic initial dataset
VCGIS-0343,Please check behind the local market. The road stays flooded after rain and traffic slows down around the location. This has been going on for 1 week. Kindly send a team to assess and fix the problem.,ROAD,Waterlogged Road,HIGH,1 week,Daily,51-100,Yes,College area,English,Synthetic initial dataset
VCGIS-0685,Please check in our residential layout. The lamp has stopped working and several households are affected. The problem has existed for 2 weeks.,ELECTRICITY,Streetlight Failure,HIGH,2 weeks,Daily,21-50,Yes,Residential area,English,Synthetic initial dataset
VCGIS-0953,Sparks are coming from the electrical equipment beside the government school 1 day. Several households are affected. The fault appears to be getting worse.,ELECTRICITY,Sparking,CRITICAL,1 day,Frequently,21-50,Yes,Market area,English,Synthetic initial dataset
VCGIS-0282,Close to the petrol bunk has part of the road has collapsed. It has been happening for 1 day and traffic slows down around the location. A two-wheeler nearly lost balance there recently.,ROAD,Road Collapse,CRITICAL,1 day,Continuously,More than 100,Yes,Market area,English,Synthetic initial dataset
VCGIS-1365,Please check beside the government school. The pump appears to have failed and people are worried about using the water. This has been happening for 3 days.,WATER,Pump Failure,HIGH,3 days,Daily,51-100,No,Market area,English,Synthetic initial dataset
VCGIS-1088,Please check near the village office. The street has no water and people are worried about using the water. This has been happening for 5 days.,WATER,No Water Supply,HIGH,5 days,Daily,51-100,No,Village area,English,Synthetic initial dataset
VCGIS-1177,I want to report the tap flow is weak at the market junction. The problem has been there for 1 week. People are worried about using the water. Please resolve the problem as soon as possible.,WATER,Low Water Pressure,MEDIUM,1 week,Daily,21-50,No,Public road,English,Synthetic initial dataset
VCGIS-0414,There is a road issue near the main junction: the speed breaker is uneven. It happens frequently and has continued for 2 weeks. Riders are having to suddenly change direction.,ROAD,Damaged Speed Breaker,HIGH,2 weeks,Frequently,21-50,Yes,Bus/transport area,English,Synthetic initial dataset
VCGIS-0491,"The manhole is raised above the road in our residential layout. It has been like this for 3 days, and traffic slows down around the location. The problem gets worse when it rains. Please take appropriate corrective action.",ROAD,Damaged Manhole,CRITICAL,3 days,Continuously,51-100,Yes,Market area,English,Synthetic initial dataset
VCGIS-0264,Please check in our residential layout. The road edge has collapsed and two-wheelers are having difficulty using the stretch. This has been going on for 1 day. Please inspect the issue and take necessary action.,ROAD,Road Collapse,CRITICAL,1 day,Continuously,More than 100,Yes,Market area,English,Synthetic initial dataset
VCGIS-1018,Please check in our residential layout. The street has no water and residents are having to arrange water from elsewhere. This has been happening for 2 days.,WATER,No Water Supply,HIGH,2 days,Daily,21-50,No,Market area,English,Synthetic initial dataset
VCGIS-1141,"There is no water supply close to the petrol bunk. It has continued for 7 days, and residents are having to arrange water from elsewhere. The issue is particularly difficult for elderly residents. Kindly send a team to assess and fix the problem.",WATER,No Water Supply,CRITICAL,7 days,Continuously,More than 100,Yes,Village area,English,Synthetic initial dataset
VCGIS-0635,Please check near the public library. The power is out and shops and residents are facing disruption. The problem has existed for 1 day.,ELECTRICITY,Power Outage,HIGH,1 day,Continuously,More than 100,Yes,Bus/transport area,English,Synthetic initial dataset
VCGIS-1085,Please check beside the temple. There is no water supply and residents are having to arrange water from elsewhere. This has been happening for 5 days.,WATER,No Water Supply,CRITICAL,5 days,Daily,51-100,No,College area,English,Synthetic initial dataset
VCGIS-0603,"Electricity keeps going off near the bus stop. The issue has continued for 1 day, and people are worried about electrical safety. Residents are worried that someone could get hurt. Kindly send a team to assess and fix the problem.",ELECTRICITY,Power Outage,CRITICAL,1 day,Continuously,More than 100,Yes,Bus/transport area,English,Synthetic initial dataset
VCGIS-1237,I want to report the roadside pipe is leaking in our residential layout. The problem has been there for 4 days. People are struggling with daily water needs. The concerned department should check this location.,WATER,Pipeline Leakage,MEDIUM,4 days,Continuously,21-50,No,College area,English,Synthetic initial dataset
VCGIS-0918,Close to the petrol bunk has an electricity problem: an electrical wire is exposed. The issue has been noticed by several nearby residents. Please take appropriate corrective action.,ELECTRICITY,Exposed Electrical Cable,HIGH,2 days,Continuously,21-50,Yes,College area,English,Synthetic initial dataset
VCGIS-0868,Please check near the bus stop. A wire is hanging very low and people are worried about electrical safety. The problem has existed for 1 day.,ELECTRICITY,Broken/Low-Hanging Wire,HIGH,1 day,Continuously,21-50,Yes,Bus/transport area,English,Synthetic initial dataset
VCGIS-0138,Near the playground has a large pothole. It has been happening for 1 month and two-wheelers are having difficulty using the stretch. It is especially difficult to notice the damage at night.,ROAD,Pothole,HIGH,1 month,Daily,51-100,Yes,College area,English,Synthetic initial dataset
VCGIS-0836,Please check near the village office. The pole has visible cracks and shops and residents are facing disruption. The problem has existed for 3 days.,ELECTRICITY,Electrical Pole Damage,HIGH,3 days,Continuously,51-100,Yes,College area,English,Synthetic initial dataset
VCGIS-0830,Please check near the main junction. The pole is damaged and shops and residents are facing disruption. The problem has existed for 3 days.,ELECTRICITY,Electrical Pole Damage,HIGH,3 days,Continuously,51-100,Yes,Public road,English,Synthetic initial dataset
VCGIS-0752,Beside the public park has an electricity problem: the transformer is making a loud noise. Residents are worried that someone could get hurt. The concerned department should check this location.,ELECTRICITY,Transformer Problem,CRITICAL,1 day,Continuously,More than 100,Yes,Residential area,English,Synthetic initial dataset
VCGIS-1239,Please check in our residential layout. There is a continuous pipe leak and people are struggling with daily water needs. This has been happening for 4 days.,WATER,Pipeline Leakage,MEDIUM,4 days,Continuously,21-50,No,Market area,English,Synthetic initial dataset
VCGIS-0904,I want to report a cable has lost its insulation near the apartment entrance. It has been happening for 2 days. The area becomes difficult to use after dark. Kindly arrange a field inspection and repair.,ELECTRICITY,Exposed Electrical Cable,CRITICAL,2 days,Continuously,21-50,Yes,Public road,English,Synthetic initial dataset
VCGIS-0577,There is no electricity beside the public park 3 days. Visibility is poor in the evening. Residents are worried that someone could get hurt.,ELECTRICITY,Power Outage,HIGH,3 days,Daily,51-100,No,Village area,English,Synthetic initial dataset
VCGIS-1261,Water is gushing from a broken pipeline near the community hall for 1 day. People are worried about using the water. The issue is particularly difficult for elderly residents.,WATER,Pipeline Burst,HIGH,1 day,Continuously,51-100,Yes,Public road,English,Synthetic initial dataset
VCGIS-0310,I want to report rainwater is covering the road close to the petrol bunk. The problem has continued for 1 week. Vehicles are struggling to pass. The concerned department should check this location.,ROAD,Waterlogged Road,HIGH,1 week,Daily,51-100,Yes,Residential area,English,Synthetic initial dataset
VCGIS-0104,Near the community hall has several potholes. It has been happening for 1 month and two-wheelers are having difficulty using the stretch. It is especially difficult to notice the damage at night.,ROAD,Pothole,HIGH,1 month,Daily,51-100,Yes,College area,English,Synthetic initial dataset
VCGIS-1366,Near the apartment entrance has a water problem: the pumping system is down. People are having to depend on alternative sources. Please resolve the problem as soon as possible.,WATER,Pump Failure,HIGH,3 days,Daily,51-100,No,Bus/transport area,English,Synthetic initial dataset
VCGIS-1473,I want to report the tap water has a bad smell on the main road. The problem has been there for 2 days. People are worried about using the water. Please inspect the issue and take necessary action.,WATER,Water Contamination,CRITICAL,2 days,Continuously,51-100,Yes,Public road,English,Synthetic initial dataset
VCGIS-0573,Near the college gate has an electricity problem: the power is out. There is no warning sign around the affected equipment. Kindly arrange a field inspection and repair.,ELECTRICITY,Power Outage,HIGH,3 days,Daily,51-100,No,Residential area,English,Synthetic initial dataset
VCGIS-1312,Please check close to the petrol bunk. The borewell is not working and the issue is disrupting normal household activities. This has been happening for 1 week.,WATER,Borewell Failure,HIGH,1 week,Daily,51-100,No,Residential area,English,Synthetic initial dataset
VCGIS-0134,There is a road issue beside the government school: several potholes. It happens daily and has continued for 1 month. Children and older people are finding it difficult to cross.,ROAD,Pothole,HIGH,1 month,Daily,51-100,Yes,College area,English,Synthetic initial dataset
VCGIS-0488,Please check near the public library. The manhole is raised above the road and children and older people are finding it difficult to cross. This has been going on for 3 days. Please resolve the problem as soon as possible.,ROAD,Damaged Manhole,CRITICAL,3 days,Continuously,51-100,Yes,Bus/transport area,English,Synthetic initial dataset
VCGIS-1045,I want to report the street has no water in our residential layout. The problem has been there for 2 days. The issue is disrupting normal household activities. Kindly send a team to assess and fix the problem.,WATER,No Water Supply,MEDIUM,2 days,Daily,21-50,No,Bus/transport area,English,Synthetic initial dataset
VCGIS-0214,I want to report a badly damaged road surface near the bus stop. The problem has continued for 2 months. Children and older people are finding it difficult to cross. Kindly send a team to assess and fix the problem.,ROAD,Road Damage,HIGH,2 months,Daily,51-100,Yes,Residential area,English,Synthetic initial dataset
VCGIS-0125,On the main road has a dangerous pothole. It has been happening for 1 month and traffic slows down around the location. There is no warning sign around the damaged section.,ROAD,Pothole,HIGH,1 month,Daily,51-100,Yes,Residential area,English,Synthetic initial dataset
VCGIS-0641,The whole area has lost power close to the petrol bunk 1 day. Shops and residents are facing disruption. The fault appears to be getting worse.,ELECTRICITY,Power Outage,CRITICAL,1 day,Continuously,More than 100,Yes,Bus/transport area,English,Synthetic initial dataset
VCGIS-0163,I want to report uneven asphalt near the apartment entrance. The problem has continued for 2 weeks. Traffic slows down around the location. Please inspect the issue and take necessary action.,ROAD,Road Damage,MEDIUM,2 weeks,Frequently,21-50,No,Village area,English,Synthetic initial dataset
VCGIS-0158,Near the playground has a broken road stretch. It has been happening for 2 weeks and traffic slows down around the location. It is especially difficult to notice the damage at night.,ROAD,Road Damage,MEDIUM,2 weeks,Frequently,21-50,No,College area,English,Synthetic initial dataset
VCGIS-0613,"Electricity keeps going off close to the railway station. The issue has continued for 1 day, and people are worried about electrical safety. Residents are worried that someone could get hurt. The concerned department should check this location.",ELECTRICITY,Power Outage,CRITICAL,1 day,Continuously,More than 100,Yes,Market area,English,Synthetic initial dataset
VCGIS-0926,"An electrical wire is exposed beside the temple. The issue has continued for 2 days, and the area becomes difficult to use after dark. The issue has been noticed by several nearby residents. Please take appropriate corrective action.",ELECTRICITY,Exposed Electrical Cable,CRITICAL,2 days,Continuously,21-50,Yes,Public road,English,Synthetic initial dataset
VCGIS-0737,"The transformer is overheating near the hospital. The issue has continued for 2 days, and several households are affected. There is no warning sign around the affected equipment. Kindly send a team to assess and fix the problem.",ELECTRICITY,Transformer Problem,HIGH,2 days,Frequently,51-100,Yes,Market area,English,Synthetic initial dataset
VCGIS-0957,Sparks are coming from the electrical equipment beside the temple 1 day. Shops and residents are facing disruption. The issue has been noticed by several nearby residents.,ELECTRICITY,Sparking,CRITICAL,1 day,Frequently,21-50,Yes,Bus/transport area,English,Synthetic initial dataset
VCGIS-0799,"The transformer has stopped working near the village office. The issue has continued for 1 day, and the area becomes difficult to use after dark. Residents are worried that someone could get hurt. Please resolve the problem as soon as possible.",ELECTRICITY,Transformer Problem,CRITICAL,1 day,Continuously,More than 100,Yes,Public road,English,Synthetic initial dataset
VCGIS-0300,On the main road has a section of the road has given way. It has been happening for 1 day and children and older people are finding it difficult to cross. People have complained about the same spot before.,ROAD,Road Collapse,CRITICAL,1 day,Continuously,More than 100,Yes,Village area,English,Synthetic initial dataset
VCGIS-0624,"The whole area has lost power near the college gate. The issue has continued for 1 day, and nearby homes are being affected. There is no warning sign around the affected equipment. Kindly arrange a field inspection and repair.",ELECTRICITY,Power Outage,CRITICAL,1 day,Continuously,More than 100,Yes,Public road,English,Synthetic initial dataset
VCGIS-0906,Near the community hall has an electricity problem: wiring is visible near the roadside. Residents are worried that someone could get hurt. Please inspect the issue and take necessary action.,ELECTRICITY,Exposed Electrical Cable,CRITICAL,2 days,Continuously,21-50,Yes,Bus/transport area,English,Synthetic initial dataset
VCGIS-1047,There is no water supply near the apartment entrance for 2 days. Residents are having to arrange water from elsewhere. The issue is particularly difficult for elderly residents.,WATER,No Water Supply,MEDIUM,2 days,Daily,21-50,No,Public road,English,Synthetic initial dataset
VCGIS-1022,Please check beside the government school. Our taps are dry and people are struggling with daily water needs. This has been happening for 2 days.,WATER,No Water Supply,MEDIUM,2 days,Daily,21-50,No,Village area,English,Synthetic initial dataset
VCGIS-0478,Near the apartment entrance has an open manhole is present. It has been happening for 3 days and two-wheelers are having difficulty using the stretch. A two-wheeler nearly lost balance there recently.,ROAD,Damaged Manhole,CRITICAL,3 days,Continuously,51-100,Yes,Village area,English,Synthetic initial dataset
VCGIS-0975,The pole is producing sparks near the village office 1 day. The area becomes difficult to use after dark. There is no warning sign around the affected equipment.,ELECTRICITY,Sparking,CRITICAL,1 day,Frequently,21-50,Yes,Village area,English,Synthetic initial dataset
VCGIS-0263,I want to report the road edge has collapsed close to the railway station. The problem has continued for 1 day. Pedestrians are being forced to move onto the road. Please take appropriate corrective action.,ROAD,Road Collapse,CRITICAL,1 day,Continuously,More than 100,Yes,College area,English,Synthetic initial dataset
VCGIS-1184,I want to report the tap flow is weak near the apartment entrance. The problem has been there for 1 week. Residents are having to arrange water from elsewhere. Kindly arrange a field inspection and repair.,WATER,Low Water Pressure,MEDIUM,1 week,Daily,21-50,No,Market area,English,Synthetic initial dataset
VCGIS-0759,Near the hospital has an electricity problem: the transformer is overheating. The problem is worse after sunset. Please resolve the problem as soon as possible.,ELECTRICITY,Transformer Problem,CRITICAL,1 day,Continuously,More than 100,Yes,Village area,English,Synthetic initial dataset
VCGIS-0766,"The transformer has stopped working near the main junction. The issue has continued for 1 day, and nearby homes are being affected. There is no warning sign around the affected equipment. Please resolve the problem as soon as possible.",ELECTRICITY,Transformer Problem,CRITICAL,1 day,Continuously,More than 100,Yes,Market area,English,Synthetic initial dataset
VCGIS-0612,I want to report electricity keeps going off close to the railway station. It has been happening for 1 day. Several households are affected. Please take appropriate corrective action.,ELECTRICITY,Power Outage,CRITICAL,1 day,Continuously,More than 100,Yes,Market area,English,Synthetic initial dataset
VCGIS-0740,I want to report the transformer is making a loud noise in our residential layout. It has been happening for 2 days. Several households are affected. Please inspect the issue and take necessary action.,ELECTRICITY,Transformer Problem,HIGH,2 days,Frequently,51-100,Yes,Market area,English,Synthetic initial dataset
VCGIS-1007,Near the apartment entrance has a water problem: our taps are dry. Several houses have reported the same problem. The concerned department should check this location.,WATER,No Water Supply,MEDIUM,2 days,Daily,21-50,No,Market area,English,Synthetic initial dataset
VCGIS-0258,"The roadside has caved in near the apartment entrance. It has been like this for 1 day, and pedestrians are being forced to move onto the road. There is no warning sign around the damaged section. The concerned department should check this location.",ROAD,Road Collapse,CRITICAL,1 day,Continuously,More than 100,Yes,Public road,English,Synthetic initial dataset
VCGIS-0145,Please check beside the public park. Several potholes and children and older people are finding it difficult to cross. This has been going on for 1 month. Kindly arrange a field inspection and repair.,ROAD,Pothole,HIGH,1 month,Daily,51-100,Yes,Public road,English,Synthetic initial dataset
VCGIS-0257,I want to report part of the road has collapsed behind the local market. The problem has continued for 1 day. Vehicles are struggling to pass. Please resolve the problem as soon as possible.,ROAD,Road Collapse,CRITICAL,1 day,Continuously,More than 100,Yes,Village area,English,Synthetic initial dataset
VCGIS-1232,Please check beside the government school. A water pipeline is leaking and nearby families are affected. This has been happening for 4 days.,WATER,Pipeline Leakage,MEDIUM,4 days,Continuously,21-50,No,College area,English,Synthetic initial dataset
VCGIS-0358,There is a road issue near the playground: part of the footpath is missing. It happens frequently and has continued for 1 month. Children and older people are finding it difficult to cross.,ROAD,Footpath Damage,MEDIUM,1 month,Frequently,21-50,No,College area,English,Synthetic initial dataset
VCGIS-1169,"Only a small amount of water is coming near the college gate. It has continued for 1 week, and nearby families are affected. Residents have already tried reporting the issue locally. Please resolve the problem as soon as possible.",WATER,Low Water Pressure,MEDIUM,1 week,Daily,21-50,No,College area,English,Synthetic initial dataset
VCGIS-1371,I want to report the water pump is not working near the bus stop. The problem has been there for 3 days. Residents are having to arrange water from elsewhere. Please take appropriate corrective action.,WATER,Pump Failure,HIGH,3 days,Daily,51-100,No,Market area,English,Synthetic initial dataset
VCGIS-0769,"The transformer is making a loud noise beside the government school. The issue has continued for 1 day, and visibility is poor in the evening. The fault appears to be getting worse. Please take appropriate corrective action.",ELECTRICITY,Transformer Problem,CRITICAL,1 day,Continuously,More than 100,Yes,College area,English,Synthetic initial dataset
VCGIS-1317,"The local borewell is not supplying water near the village office. It has continued for 1 week, and nearby families are affected. The problem is becoming more frequent. Please take appropriate corrective action.",WATER,Borewell Failure,HIGH,1 week,Daily,51-100,No,Residential area,English,Synthetic initial dataset
VCGIS-0718,"The transformer is making a loud noise near the hospital. The issue has continued for 2 days, and people are worried about electrical safety. There is no warning sign around the affected equipment. Please take appropriate corrective action.",ELECTRICITY,Transformer Problem,CRITICAL,2 days,Frequently,51-100,Yes,College area,English,Synthetic initial dataset
VCGIS-0256,Please check near the public library. A section of the road has given way and traffic slows down around the location. This has been going on for 1 day. Please resolve the problem as soon as possible.,ROAD,Road Collapse,CRITICAL,1 day,Continuously,More than 100,Yes,Residential area,English,Synthetic initial dataset
VCGIS-0324,I want to report the road is badly waterlogged at the market junction. The problem has continued for 1 week. Riders are having to suddenly change direction. Kindly send a team to assess and fix the problem.,ROAD,Waterlogged Road,HIGH,1 week,Daily,51-100,Yes,College area,English,Synthetic initial dataset
VCGIS-0360,"Pavement tiles are damaged near the public library. It has been like this for 1 month, and vehicles are struggling to pass. There is no warning sign around the damaged section. The concerned department should check this location.",ROAD,Footpath Damage,MEDIUM,1 month,Frequently,21-50,No,Public road,English,Synthetic initial dataset
VCGIS-0484,I want to report an open manhole is present near the college gate. The problem has continued for 3 days. Traffic slows down around the location. Kindly send a team to assess and fix the problem.,ROAD,Damaged Manhole,CRITICAL,3 days,Continuously,51-100,Yes,Village area,English,Synthetic initial dataset
VCGIS-0120,"A large pothole beside the public park. It has been like this for 1 month, and traffic slows down around the location. The problem gets worse when it rains. Kindly arrange a field inspection and repair.",ROAD,Pothole,HIGH,1 month,Daily,51-100,Yes,Bus/transport area,English,Synthetic initial dataset
VCGIS-0323,I want to report the road stays flooded after rain at the market junction. The problem has continued for 1 week. Children and older people are finding it difficult to cross. Kindly arrange a field inspection and repair.,ROAD,Waterlogged Road,HIGH,1 week,Daily,51-100,Yes,Market area,English,Synthetic initial dataset
VCGIS-1121,Our taps are dry behind the local market for 7 days. People are worried about using the water. People are having to depend on alternative sources.,WATER,No Water Supply,CRITICAL,7 days,Continuously,More than 100,Yes,Residential area,English,Synthetic initial dataset
VCGIS-0011,"A dangerous pothole close to the petrol bunk. It has been like this for 3 days, and pedestrians are being forced to move onto the road. There is no warning sign around the damaged section. The concerned department should check this location.",ROAD,Pothole,LOW,3 days,Occasionally,6-20,No,Public road,English,Synthetic initial dataset
VCGIS-0440,I want to report the speed breaker has a sharp broken edge beside the public park. The problem has continued for 2 weeks. Children and older people are finding it difficult to cross. Kindly arrange a field inspection and repair.,ROAD,Damaged Speed Breaker,HIGH,2 weeks,Frequently,21-50,Yes,College area,English,Synthetic initial dataset
VCGIS-0907,I want to report an electrical wire is exposed near the playground. It has been happening for 2 days. Visibility is poor in the evening. Please resolve the problem as soon as possible.,ELECTRICITY,Exposed Electrical Cable,CRITICAL,2 days,Continuously,21-50,Yes,Market area,English,Synthetic initial dataset
VCGIS-0187,Near the apartment entrance has a broken road stretch. It has been happening for 2 weeks and traffic slows down around the location. There is no warning sign around the damaged section.,ROAD,Road Damage,MEDIUM,2 weeks,Frequently,21-50,No,Bus/transport area,English,Synthetic initial dataset
VCGIS-0037,"A dangerous pothole on the main road. It has been like this for 3 days, and two-wheelers are having difficulty using the stretch. It is especially difficult to notice the damage at night. Please take appropriate corrective action.",ROAD,Pothole,LOW,3 days,Occasionally,6-20,No,Village area,English,Synthetic initial dataset
VCGIS-0455,There is a road issue at the market junction: the manhole cover is missing. It happens continuously and has continued for 3 days. Children and older people are finding it difficult to cross.,ROAD,Damaged Manhole,CRITICAL,3 days,Continuously,51-100,Yes,Residential area,English,Synthetic initial dataset
VCGIS-0175,Please check in our residential layout. A broken road stretch and two-wheelers are having difficulty using the stretch. This has been going on for 2 weeks. Kindly send a team to assess and fix the problem.,ROAD,Road Damage,MEDIUM,2 weeks,Frequently,21-50,No,Residential area,English,Synthetic initial dataset
VCGIS-0658,I want to report the streetlight is not working near the college gate. It has been happening for 2 weeks. Nearby homes are being affected. Please resolve the problem as soon as possible.,ELECTRICITY,Streetlight Failure,MEDIUM,2 weeks,Daily,21-50,Yes,Residential area,English,Synthetic initial dataset
VCGIS-0652,The lamp has stopped working in our residential layout 2 weeks. Visibility is poor in the evening. There is no warning sign around the affected equipment.,ELECTRICITY,Streetlight Failure,MEDIUM,2 weeks,Daily,21-50,Yes,Village area,English,Synthetic initial dataset
VCGIS-0574,I want to report the power is out close to the petrol bunk. It has been happening for 3 days. Shops and residents are facing disruption. Kindly send a team to assess and fix the problem.,ELECTRICITY,Power Outage,HIGH,3 days,Daily,51-100,No,Bus/transport area,English,Synthetic initial dataset
VCGIS-1454,Please check close to the petrol bunk. The water is unusually dirty and residents are having to arrange water from elsewhere. This has been happening for 2 days.,WATER,Water Contamination,CRITICAL,2 days,Continuously,51-100,Yes,Bus/transport area,English,Synthetic initial dataset
VCGIS-0580,I want to report the power is out close to the petrol bunk. It has been happening for 3 days. Visibility is poor in the evening. Kindly arrange a field inspection and repair.,ELECTRICITY,Power Outage,HIGH,3 days,Daily,51-100,No,Public road,English,Synthetic initial dataset
VCGIS-1433,The local tank is not supplying water near the village office for 2 weeks. Several households are affected. The issue is particularly difficult for elderly residents.,WATER,Water Tank Problem,MEDIUM,2 weeks,Frequently,21-50,No,Market area,English,Synthetic initial dataset
VCGIS-0413,Behind the local market has the speed breaker has a sharp broken edge. It has been happening for 2 weeks and vehicles are struggling to pass. People have complained about the same spot before.,ROAD,Damaged Speed Breaker,HIGH,2 weeks,Frequently,21-50,Yes,Market area,English,Synthetic initial dataset
VCGIS-0956,Near the hospital has an electricity problem: there are repeated sparks near the connection. The problem is worse after sunset. The concerned department should check this location.,ELECTRICITY,Sparking,CRITICAL,1 day,Frequently,21-50,Yes,Village area,English,Synthetic initial dataset
VCGIS-1074,Please check near the bus stop. The street has no water and nearby families are affected. This has been happening for 5 days.,WATER,No Water Supply,HIGH,5 days,Daily,51-100,No,Market area,English,Synthetic initial dataset
VCGIS-1065,Please check close to the petrol bunk. Water has stopped coming and people are worried about using the water. This has been happening for 5 days.,WATER,No Water Supply,HIGH,5 days,Daily,51-100,No,Residential area,English,Synthetic initial dataset
VCGIS-0424,There is a road issue near the apartment entrance: the speed breaker is uneven. It happens frequently and has continued for 2 weeks. Children and older people are finding it difficult to cross.,ROAD,Damaged Speed Breaker,HIGH,2 weeks,Frequently,21-50,Yes,College area,English,Synthetic initial dataset
VCGIS-1037,I want to report the street has no water near the bus stop. The problem has been there for 2 days. Residents are having to arrange water from elsewhere. Kindly send a team to assess and fix the problem.,WATER,No Water Supply,MEDIUM,2 days,Daily,21-50,No,College area,English,Synthetic initial dataset
VCGIS-1168,I want to report water pressure is very low behind the local market. The problem has been there for 1 week. People are struggling with daily water needs. Please inspect the issue and take necessary action.,WATER,Low Water Pressure,HIGH,1 week,Daily,21-50,No,Residential area,English,Synthetic initial dataset
VCGIS-0098,There is a road issue at the market junction: several potholes. It happens frequently and has continued for 2 weeks. Riders are having to suddenly change direction.,ROAD,Pothole,MEDIUM,2 weeks,Frequently,21-50,No,Public road,English,Synthetic initial dataset
VCGIS-0071,"A large pothole in our residential layout. It has been like this for 2 weeks, and two-wheelers are having difficulty using the stretch. People have complained about the same spot before. Please take appropriate corrective action.",ROAD,Pothole,MEDIUM,2 weeks,Frequently,21-50,No,Residential area,English,Synthetic initial dataset
VCGIS-1328,I want to report the borewell pump has stopped near the hospital. The problem has been there for 1 week. People are worried about using the water. Kindly send a team to assess and fix the problem.,WATER,Borewell Failure,HIGH,1 week,Daily,51-100,No,Bus/transport area,English,Synthetic initial dataset
VCGIS-1341,The borewell is not working near the college gate for 1 week. The issue is disrupting normal household activities. The problem is becoming more frequent.,WATER,Borewell Failure,HIGH,1 week,Daily,51-100,No,Residential area,English,Synthetic initial dataset
VCGIS-0352,Please check near the bus stop. Part of the footpath is missing and traffic slows down around the location. This has been going on for 1 month. Kindly arrange a field inspection and repair.,ROAD,Footpath Damage,MEDIUM,1 month,Frequently,21-50,No,Residential area,English,Synthetic initial dataset
VCGIS-1154,"Only a small amount of water is coming near the bus stop. It has continued for 1 week, and residents are having to arrange water from elsewhere. The issue is particularly difficult for elderly residents. Please resolve the problem as soon as possible.",WATER,Low Water Pressure,MEDIUM,1 week,Daily,21-50,No,Bus/transport area,English,Synthetic initial dataset
VCGIS-0610,The power is out near the bus stop 1 day. Visibility is poor in the evening. There is no warning sign around the affected equipment.,ELECTRICITY,Power Outage,CRITICAL,1 day,Continuously,More than 100,Yes,Residential area,English,Synthetic initial dataset
VCGIS-0019,"Several potholes at the market junction. It has been like this for 3 days, and riders are having to suddenly change direction. The problem gets worse when it rains. Kindly arrange a field inspection and repair.",ROAD,Pothole,LOW,3 days,Occasionally,6-20,No,Public road,English,Synthetic initial dataset
VCGIS-0843,Near the community hall has an electricity problem: the electric pole is leaning. The fault appears to be getting worse. The concerned department should check this location.,ELECTRICITY,Electrical Pole Damage,HIGH,3 days,Continuously,51-100,Yes,Public road,English,Synthetic initial dataset
VCGIS-1476,Please check near the community hall. The water looks contaminated and several households are affected. This has been happening for 2 days.,WATER,Water Contamination,CRITICAL,2 days,Continuously,51-100,Yes,Public road,English,Synthetic initial dataset
VCGIS-0939,I want to report a cable has lost its insulation close to the railway station. It has been happening for 2 days. The area becomes difficult to use after dark. Kindly send a team to assess and fix the problem.,ELECTRICITY,Exposed Electrical Cable,CRITICAL,2 days,Continuously,21-50,Yes,Residential area,English,Synthetic initial dataset
VCGIS-0474,There is a road issue beside the government school: an open manhole is present. It happens continuously and has continued for 3 days. Pedestrians are being forced to move onto the road.,ROAD,Damaged Manhole,CRITICAL,3 days,Continuously,51-100,Yes,Residential area,English,Synthetic initial dataset
VCGIS-0483,At the market junction has an open manhole is present. It has been happening for 3 days and pedestrians are being forced to move onto the road. It is especially difficult to notice the damage at night.,ROAD,Damaged Manhole,CRITICAL,3 days,Continuously,51-100,Yes,Public road,English,Synthetic initial dataset
VCGIS-1033,There is no water supply near the community hall for 2 days. People are worried about using the water. Residents have already tried reporting the issue locally.,WATER,No Water Supply,MEDIUM,2 days,Daily,21-50,No,Market area,English,Synthetic initial dataset
VCGIS-0266,I want to report a section of the road has given way behind the local market. The problem has continued for 1 day. Two-wheelers are having difficulty using the stretch. Please take appropriate corrective action.,ROAD,Road Collapse,CRITICAL,1 day,Continuously,More than 100,Yes,Public road,English,Synthetic initial dataset
VCGIS-0184,Near the public library has cracks across the road. It has been happening for 2 weeks and children and older people are finding it difficult to cross. The problem gets worse when it rains.,ROAD,Road Damage,MEDIUM,2 weeks,Frequently,21-50,No,Public road,English,Synthetic initial dataset
VCGIS-0384,There is a road issue near the college gate: part of the footpath is missing. It happens frequently and has continued for 1 month. Riders are having to suddenly change direction.,ROAD,Footpath Damage,MEDIUM,1 month,Frequently,21-50,No,College area,English,Synthetic initial dataset
VCGIS-0704,I want to report the transformer has stopped working near the playground. It has been happening for 2 days. Nearby homes are being affected. The concerned department should check this location.,ELECTRICITY,Transformer Problem,HIGH,2 days,Frequently,51-100,Yes,Market area,English,Synthetic initial dataset
VCGIS-1409,Please check near the public library. The community tank is damaged and people are struggling with daily water needs. This has been happening for 2 weeks.,WATER,Water Tank Problem,MEDIUM,2 weeks,Frequently,21-50,No,Market area,English,Synthetic initial dataset
VCGIS-0489,I want to report the manhole cover is missing beside the government school. The problem has continued for 3 days. Riders are having to suddenly change direction. Kindly arrange a field inspection and repair.,ROAD,Damaged Manhole,CRITICAL,3 days,Continuously,51-100,Yes,Residential area,English,Synthetic initial dataset
VCGIS-0778,The transformer appears faulty near the main junction 1 day. Visibility is poor in the evening. The fault appears to be getting worse.,ELECTRICITY,Transformer Problem,CRITICAL,1 day,Continuously,More than 100,Yes,Residential area,English,Synthetic initial dataset
VCGIS-1130,"Our taps are dry beside the government school. It has continued for 7 days, and people are struggling with daily water needs. The issue is particularly difficult for elderly residents. Please inspect the issue and take necessary action.",WATER,No Water Supply,CRITICAL,7 days,Continuously,More than 100,Yes,Village area,English,Synthetic initial dataset
VCGIS-1173,"Water comes with very low pressure near the public library. It has continued for 1 week, and residents are having to arrange water from elsewhere. The problem is becoming more frequent. Please resolve the problem as soon as possible.",WATER,Low Water Pressure,MEDIUM,1 week,Daily,21-50,No,Village area,English,Synthetic initial dataset
VCGIS-0650,Beside the public park has an electricity problem: electricity keeps going off. There is no warning sign around the affected equipment. Kindly arrange a field inspection and repair.,ELECTRICITY,Power Outage,CRITICAL,1 day,Continuously,More than 100,Yes,Market area,English,Synthetic initial dataset
VCGIS-1211,Near the main junction has a water problem: a water pipeline is leaking. The issue is particularly difficult for elderly residents. Please resolve the problem as soon as possible.,WATER,Pipeline Leakage,MEDIUM,4 days,Continuously,21-50,No,Market area,English,Synthetic initial dataset
VCGIS-0659,The streetlight is not working beside the government school 2 weeks. The area becomes difficult to use after dark. There is no warning sign around the affected equipment.,ELECTRICITY,Streetlight Failure,MEDIUM,2 weeks,Daily,21-50,Yes,College area,English,Synthetic initial dataset
VCGIS-0348,I want to report the road is badly waterlogged in our residential layout. The problem has continued for 1 week. Children and older people are finding it difficult to cross. The concerned department should check this location.,ROAD,Waterlogged Road,HIGH,1 week,Daily,51-100,Yes,Bus/transport area,English,Synthetic initial dataset
VCGIS-1251,The water pipeline has burst near the hospital for 1 day. People are struggling with daily water needs. People are having to depend on alternative sources.,WATER,Pipeline Burst,CRITICAL,1 day,Continuously,51-100,Yes,Market area,English,Synthetic initial dataset
VCGIS-1145,"There is no water supply on the main road. It has continued for 7 days, and the issue is disrupting normal household activities. Several houses have reported the same problem. Kindly arrange a field inspection and repair.",WATER,No Water Supply,CRITICAL,7 days,Continuously,More than 100,Yes,Market area,English,Synthetic initial dataset
VCGIS-0096,Near the public library has several potholes. It has been happening for 2 weeks and traffic slows down around the location. The problem gets worse when it rains.,ROAD,Pothole,MEDIUM,2 weeks,Frequently,21-50,No,Residential area,English,Synthetic initial dataset
VCGIS-0271,Near the main junction has part of the road has collapsed. It has been happening for 1 day and traffic slows down around the location. A two-wheeler nearly lost balance there recently.,ROAD,Road Collapse,CRITICAL,1 day,Continuously,More than 100,Yes,Market area,English,Synthetic initial dataset
VCGIS-0651,I want to report the street is dark because the light is off near the apartment entrance. It has been happening for 2 weeks. Several households are affected. Kindly send a team to assess and fix the problem.,ELECTRICITY,Streetlight Failure,HIGH,2 weeks,Daily,21-50,Yes,Market area,English,Synthetic initial dataset
VCGIS-0433,Please check at the market junction. The speed breaker is broken and two-wheelers are having difficulty using the stretch. This has been going on for 2 weeks. Kindly arrange a field inspection and repair.,ROAD,Damaged Speed Breaker,HIGH,2 weeks,Frequently,21-50,Yes,Village area,English,Synthetic initial dataset
VCGIS-0014,Behind the local market has a large pothole. It has been happening for 3 days and pedestrians are being forced to move onto the road. There is no warning sign around the damaged section.,ROAD,Pothole,LOW,3 days,Occasionally,6-20,No,College area,English,Synthetic initial dataset
VCGIS-1336,The borewell pump has stopped beside the temple for 1 week. People are worried about using the water. Residents have already tried reporting the issue locally.,WATER,Borewell Failure,HIGH,1 week,Daily,51-100,No,Bus/transport area,English,Synthetic initial dataset
VCGIS-0566,I want to report the power is out close to the petrol bunk. It has been happening for 3 days. Several households are affected. The concerned department should check this location.,ELECTRICITY,Power Outage,HIGH,3 days,Daily,51-100,No,Village area,English,Synthetic initial dataset
VCGIS-1469,I want to report the water is unusually dirty close to the petrol bunk. The problem has been there for 2 days. Nearby families are affected. Please take appropriate corrective action.,WATER,Water Contamination,CRITICAL,2 days,Continuously,51-100,Yes,Market area,English,Synthetic initial dataset
VCGIS-0899,Beside the public park has an electricity problem: a cable is hanging near pedestrians. The fault appears to be getting worse. Please take appropriate corrective action.,ELECTRICITY,Broken/Low-Hanging Wire,CRITICAL,1 day,Continuously,21-50,Yes,Village area,English,Synthetic initial dataset
VCGIS-0148,Please check near the apartment entrance. Deep potholes and children and older people are finding it difficult to cross. This has been going on for 1 month. Kindly send a team to assess and fix the problem.,ROAD,Pothole,HIGH,1 month,Daily,51-100,Yes,College area,English,Synthetic initial dataset
VCGIS-0780,The transformer is overheating beside the temple 1 day. The area becomes difficult to use after dark. Residents are worried that someone could get hurt.,ELECTRICITY,Transformer Problem,CRITICAL,1 day,Continuously,More than 100,Yes,Village area,English,Synthetic initial dataset
VCGIS-0537,Close to the petrol bunk has an electricity problem: electricity keeps going off. The fault appears to be getting worse. Please take appropriate corrective action.,ELECTRICITY,Power Outage,MEDIUM,1 day,Occasionally,21-50,No,College area,English,Synthetic initial dataset
VCGIS-0664,I want to report the streetlight is not working near the playground. It has been happening for 2 weeks. Nearby homes are being affected. Please resolve the problem as soon as possible.,ELECTRICITY,Streetlight Failure,MEDIUM,2 weeks,Daily,21-50,Yes,Village area,English,Synthetic initial dataset
VCGIS-0143,Beside the public park has several potholes. It has been happening for 1 month and riders are having to suddenly change direction. People have complained about the same spot before.,ROAD,Pothole,HIGH,1 month,Daily,51-100,Yes,Residential area,English,Synthetic initial dataset
VCGIS-1258,I want to report the supply pipe has burst beside the temple. The problem has been there for 1 day. People are worried about using the water. Please take appropriate corrective action.,WATER,Pipeline Burst,HIGH,1 day,Continuously,51-100,Yes,Residential area,English,Synthetic initial dataset
VCGIS-0754,Please check near the public library. The transformer has stopped working and shops and residents are facing disruption. The problem has existed for 1 day.,ELECTRICITY,Transformer Problem,CRITICAL,1 day,Continuously,More than 100,Yes,Village area,English,Synthetic initial dataset
VCGIS-1482,In our residential layout has a water problem: the water is unusually dirty. The issue is particularly difficult for elderly residents. Please resolve the problem as soon as possible.,WATER,Water Contamination,CRITICAL,2 days,Continuously,51-100,Yes,Bus/transport area,English,Synthetic initial dataset
VCGIS-1497,Close to the petrol bunk has a water problem: the tap water has a bad smell. The issue is particularly difficult for elderly residents. The concerned department should check this location.,WATER,Water Contamination,CRITICAL,2 days,Continuously,51-100,Yes,Residential area,English,Synthetic initial dataset
VCGIS-0923,Wiring is visible near the roadside near the bus stop 2 days. People are worried about electrical safety. The fault appears to be getting worse.,ELECTRICITY,Exposed Electrical Cable,CRITICAL,2 days,Continuously,21-50,Yes,Bus/transport area,English,Synthetic initial dataset
VCGIS-1125,"Water has stopped coming at the market junction. It has continued for 7 days, and residents are having to arrange water from elsewhere. The issue is particularly difficult for elderly residents. Kindly send a team to assess and fix the problem.",WATER,No Water Supply,CRITICAL,7 days,Continuously,More than 100,Yes,Market area,English,Synthetic initial dataset
VCGIS-0472,I want to report the manhole cover is broken near the bus stop. The problem has continued for 3 days. Riders are having to suddenly change direction. Please inspect the issue and take necessary action.,ROAD,Damaged Manhole,CRITICAL,3 days,Continuously,51-100,Yes,Market area,English,Synthetic initial dataset
VCGIS-0520,Behind the local market has an electricity problem: the power is out. The fault appears to be getting worse. Kindly send a team to assess and fix the problem.,ELECTRICITY,Power Outage,MEDIUM,1 day,Occasionally,21-50,No,Public road,English,Synthetic initial dataset
VCGIS-0490,I want to report an open manhole is present beside the temple. The problem has continued for 3 days. Two-wheelers are having difficulty using the stretch. Please take appropriate corrective action.,ROAD,Damaged Manhole,CRITICAL,3 days,Continuously,51-100,Yes,College area,English,Synthetic initial dataset
VCGIS-0369,I want to report part of the footpath is missing beside the temple. The problem has continued for 1 month. Vehicles are struggling to pass. Please inspect the issue and take necessary action.,ROAD,Footpath Damage,MEDIUM,1 month,Frequently,21-50,No,Village area,English,Synthetic initial dataset
VCGIS-0333,There is a road issue beside the public park: the road stays flooded after rain. It happens daily and has continued for 1 week. Riders are having to suddenly change direction.,ROAD,Waterlogged Road,HIGH,1 week,Daily,51-100,Yes,Residential area,English,Synthetic initial dataset
VCGIS-0680,I want to report the streetlight is not working near the public library. It has been happening for 2 weeks. Shops and residents are facing disruption. Please resolve the problem as soon as possible.,ELECTRICITY,Streetlight Failure,MEDIUM,2 weeks,Daily,21-50,Yes,Village area,English,Synthetic initial dataset
VCGIS-0430,I want to report the speed breaker is uneven at the market junction. The problem has continued for 2 weeks. Riders are having to suddenly change direction. Kindly send a team to assess and fix the problem.,ROAD,Damaged Speed Breaker,HIGH,2 weeks,Frequently,21-50,Yes,Market area,English,Synthetic initial dataset
VCGIS-1054,"There is no water supply near the playground. It has continued for 5 days, and several households are affected. The problem is becoming more frequent. Kindly send a team to assess and fix the problem.",WATER,No Water Supply,HIGH,5 days,Daily,51-100,No,Residential area,English,Synthetic initial dataset
VCGIS-1406,I want to report the local tank is not supplying water on the main road. The problem has been there for 2 weeks. People are struggling with daily water needs. Kindly send a team to assess and fix the problem.,WATER,Water Tank Problem,MEDIUM,2 weeks,Frequently,21-50,No,Public road,English,Synthetic initial dataset
VCGIS-0034,Beside the temple has deep potholes. It has been happening for 3 days and vehicles are struggling to pass. It is especially difficult to notice the damage at night.,ROAD,Pothole,LOW,3 days,Occasionally,6-20,No,Residential area,English,Synthetic initial dataset
VCGIS-0546,Electricity keeps going off near the playground 1 day. Nearby homes are being affected. The problem is worse after sunset.,ELECTRICITY,Power Outage,MEDIUM,1 day,Occasionally,21-50,No,Residential area,English,Synthetic initial dataset
VCGIS-0589,Close to the railway station has an electricity problem: the power is out. The issue has been noticed by several nearby residents. Kindly arrange a field inspection and repair.,ELECTRICITY,Power Outage,HIGH,3 days,Daily,51-100,No,Market area,English,Synthetic initial dataset
VCGIS-0772,Please check near the main junction. The transformer appears faulty and shops and residents are facing disruption. The problem has existed for 1 day.,ELECTRICITY,Transformer Problem,CRITICAL,1 day,Continuously,More than 100,Yes,Bus/transport area,English,Synthetic initial dataset
VCGIS-0539,Near the public library has an electricity problem: electricity keeps going off. The problem is worse after sunset. Please take appropriate corrective action.,ELECTRICITY,Power Outage,MEDIUM,1 day,Occasionally,21-50,No,College area,English,Synthetic initial dataset
VCGIS-0775,"The transformer has stopped working near the public library. The issue has continued for 1 day, and the area becomes difficult to use after dark. Residents are worried that someone could get hurt. Kindly arrange a field inspection and repair.",ELECTRICITY,Transformer Problem,CRITICAL,1 day,Continuously,More than 100,Yes,Bus/transport area,English,Synthetic initial dataset
VCGIS-0002,Close to the railway station has several potholes. It has been happening for 3 days and vehicles are struggling to pass. It is especially difficult to notice the damage at night.,ROAD,Pothole,LOW,3 days,Occasionally,6-20,No,Public road,English,Synthetic initial dataset
VCGIS-0382,I want to report pavement tiles are damaged near the college gate. The problem has continued for 1 month. Pedestrians are being forced to move onto the road. Please take appropriate corrective action.,ROAD,Footpath Damage,MEDIUM,1 month,Frequently,21-50,No,College area,English,Synthetic initial dataset
VCGIS-0055,Near the playground has a large pothole. It has been happening for 2 weeks and two-wheelers are having difficulty using the stretch. A two-wheeler nearly lost balance there recently.,ROAD,Pothole,MEDIUM,2 weeks,Frequently,21-50,No,Bus/transport area,English,Synthetic initial dataset
VCGIS-0076,Near the village office has several potholes. It has been happening for 2 weeks and children and older people are finding it difficult to cross. There is no warning sign around the damaged section.,ROAD,Pothole,MEDIUM,2 weeks,Frequently,21-50,No,Bus/transport area,English,Synthetic initial dataset
VCGIS-1127,Near the apartment entrance has a water problem: water has stopped coming. The issue is particularly difficult for elderly residents. The concerned department should check this location.,WATER,No Water Supply,CRITICAL,7 days,Continuously,More than 100,Yes,Public road,English,Synthetic initial dataset
VCGIS-1069,"Our taps are dry near the main junction. It has continued for 5 days, and people are worried about using the water. The problem is becoming more frequent. The concerned department should check this location.",WATER,No Water Supply,HIGH,5 days,Daily,51-100,No,Residential area,English,Synthetic initial dataset
VCGIS-1051,"The street has no water near the village office. It has continued for 5 days, and people are struggling with daily water needs. The problem is becoming more frequent. Please inspect the issue and take necessary action.",WATER,No Water Supply,CRITICAL,5 days,Daily,51-100,No,Village area,English,Synthetic initial dataset
VCGIS-0964,Near the bus stop has an electricity problem: sparks are coming from the electrical equipment. The fault appears to be getting worse. Kindly arrange a field inspection and repair.,ELECTRICITY,Sparking,CRITICAL,1 day,Frequently,21-50,Yes,Residential area,English,Synthetic initial dataset
VCGIS-0422,Near the hospital has the speed breaker has a sharp broken edge. It has been happening for 2 weeks and pedestrians are being forced to move onto the road. The problem gets worse when it rains.,ROAD,Damaged Speed Breaker,HIGH,2 weeks,Frequently,21-50,Yes,College area,English,Synthetic initial dataset
VCGIS-0081,Near the apartment entrance has a dangerous pothole. It has been happening for 2 weeks and riders are having to suddenly change direction. It is especially difficult to notice the damage at night.,ROAD,Pothole,MEDIUM,2 weeks,Frequently,21-50,No,Village area,English,Synthetic initial dataset
VCGIS-1042,"Water has stopped coming close to the railway station. It has continued for 2 days, and nearby families are affected. People are having to depend on alternative sources. Please inspect the issue and take necessary action.",WATER,No Water Supply,MEDIUM,2 days,Daily,21-50,No,Village area,English,Synthetic initial dataset
VCGIS-0156,"Uneven asphalt close to the petrol bunk. It has been like this for 2 weeks, and two-wheelers are having difficulty using the stretch. A two-wheeler nearly lost balance there recently. Please resolve the problem as soon as possible.",ROAD,Road Damage,MEDIUM,2 weeks,Frequently,21-50,No,Bus/transport area,English,Synthetic initial dataset
VCGIS-1323,Please check near the village office. The local borewell is not supplying water and several households are affected. This has been happening for 1 week.,WATER,Borewell Failure,HIGH,1 week,Daily,51-100,No,College area,English,Synthetic initial dataset
VCGIS-0212,There is a road issue near the community hall: a broken road stretch. It happens daily and has continued for 2 months. Pedestrians are being forced to move onto the road.,ROAD,Road Damage,HIGH,2 months,Daily,51-100,Yes,Village area,English,Synthetic initial dataset
VCGIS-0109,I want to report a dangerous pothole beside the public park. The problem has continued for 1 month. Riders are having to suddenly change direction. Kindly send a team to assess and fix the problem.,ROAD,Pothole,HIGH,1 month,Daily,51-100,Yes,Bus/transport area,English,Synthetic initial dataset
VCGIS-1256,Please check on the main road. The supply pipe has burst and the issue is disrupting normal household activities. This has been happening for 1 day.,WATER,Pipeline Burst,HIGH,1 day,Continuously,51-100,Yes,Residential area,English,Synthetic initial dataset
VCGIS-0511,Please check near the main junction. The whole area has lost power and shops and residents are facing disruption. The problem has existed for 1 day.,ELECTRICITY,Power Outage,MEDIUM,1 day,Occasionally,21-50,No,Residential area,English,Synthetic initial dataset
VCGIS-1010,The street has no water near the college gate for 2 days. Several households are affected. People are having to depend on alternative sources.,WATER,No Water Supply,MEDIUM,2 days,Daily,21-50,No,Public road,English,Synthetic initial dataset
VCGIS-0082,Please check close to the petrol bunk. Deep potholes and pedestrians are being forced to move onto the road. This has been going on for 2 weeks. Please inspect the issue and take necessary action.,ROAD,Pothole,MEDIUM,2 weeks,Frequently,21-50,No,Residential area,English,Synthetic initial dataset
VCGIS-1204,There is a continuous pipe leak at the market junction for 4 days. Nearby families are affected. The problem is becoming more frequent.,WATER,Pipeline Leakage,MEDIUM,4 days,Continuously,21-50,No,College area,English,Synthetic initial dataset
VCGIS-0108,"A dangerous pothole near the bus stop. It has been like this for 1 month, and children and older people are finding it difficult to cross. There is no warning sign around the damaged section. Please resolve the problem as soon as possible.",ROAD,Pothole,HIGH,1 month,Daily,51-100,Yes,College area,English,Synthetic initial dataset
VCGIS-0984,Please check near the main junction. The transformer is sparking and the area becomes difficult to use after dark. The problem has existed for 1 day.,ELECTRICITY,Sparking,CRITICAL,1 day,Frequently,21-50,Yes,Market area,English,Synthetic initial dataset
VCGIS-0924,Please check near the apartment entrance. An electrical cable is exposed and nearby homes are being affected. The problem has existed for 2 days.,ELECTRICITY,Exposed Electrical Cable,CRITICAL,2 days,Continuously,21-50,Yes,Village area,English,Synthetic initial dataset
VCGIS-1309,Please check near the public library. The borewell has failed and residents are having to arrange water from elsewhere. This has been happening for 1 week.,WATER,Borewell Failure,HIGH,1 week,Daily,51-100,No,Village area,English,Synthetic initial dataset
VCGIS-0380,"Pavement tiles are damaged behind the local market. It has been like this for 1 month, and vehicles are struggling to pass. There is no warning sign around the damaged section. Please resolve the problem as soon as possible.",ROAD,Footpath Damage,MEDIUM,1 month,Frequently,21-50,No,Public road,English,Synthetic initial dataset
VCGIS-0858,Near the playground has an electricity problem: a wire appears to be sagging dangerously. There is no warning sign around the affected equipment. Please resolve the problem as soon as possible.,ELECTRICITY,Broken/Low-Hanging Wire,CRITICAL,1 day,Continuously,21-50,Yes,Market area,English,Synthetic initial dataset
VCGIS-0294,I want to report part of the road has collapsed near the playground. The problem has continued for 1 day. Vehicles are struggling to pass. Please inspect the issue and take necessary action.,ROAD,Road Collapse,CRITICAL,1 day,Continuously,More than 100,Yes,Village area,English,Synthetic initial dataset
VCGIS-1105,Water has stopped coming behind the local market for 7 days. Several households are affected. The problem is becoming more frequent.,WATER,No Water Supply,CRITICAL,7 days,Continuously,More than 100,Yes,Public road,English,Synthetic initial dataset
VCGIS-0823,I want to report the pole looks unstable near the main junction. It has been happening for 3 days. Shops and residents are facing disruption. Please inspect the issue and take necessary action.,ELECTRICITY,Electrical Pole Damage,HIGH,3 days,Continuously,51-100,Yes,College area,English,Synthetic initial dataset
VCGIS-1195,Near the bus stop has a water problem: water comes with very low pressure. Residents have already tried reporting the issue locally. The concerned department should check this location.,WATER,Low Water Pressure,MEDIUM,1 week,Daily,21-50,No,Village area,English,Synthetic initial dataset
VCGIS-0356,I want to report the footpath is broken near the college gate. The problem has continued for 1 month. Traffic slows down around the location. Please inspect the issue and take necessary action.,ROAD,Footpath Damage,MEDIUM,1 month,Frequently,21-50,No,Village area,English,Synthetic initial dataset
VCGIS-0723,I want to report the transformer has stopped working near the apartment entrance. It has been happening for 2 days. Nearby homes are being affected. Please inspect the issue and take necessary action.,ELECTRICITY,Transformer Problem,HIGH,2 days,Frequently,51-100,Yes,Residential area,English,Synthetic initial dataset
VCGIS-0305,There is a road issue on the main road: the road is badly waterlogged. It happens daily and has continued for 1 week. Traffic slows down around the location.,ROAD,Waterlogged Road,HIGH,1 week,Daily,51-100,Yes,Public road,English,Synthetic initial dataset
VCGIS-0219,Near the hospital has cracks across the road. It has been happening for 2 months and traffic slows down around the location. The problem gets worse when it rains.,ROAD,Road Damage,HIGH,2 months,Daily,51-100,Yes,Market area,English,Synthetic initial dataset
VCGIS-1436,Near the college gate has a water problem: the community tank is damaged. Several houses have reported the same problem. The concerned department should check this location.,WATER,Water Tank Problem,MEDIUM,2 weeks,Frequently,21-50,No,Public road,English,Synthetic initial dataset
VCGIS-0200,I want to report a badly damaged road surface near the apartment entrance. The problem has continued for 2 weeks. Pedestrians are being forced to move onto the road. Kindly arrange a field inspection and repair.,ROAD,Road Damage,MEDIUM,2 weeks,Frequently,21-50,No,Village area,English,Synthetic initial dataset
VCGIS-0934,Please check close to the petrol bunk. An electrical wire is exposed and several households are affected. The problem has existed for 2 days.,ELECTRICITY,Exposed Electrical Cable,CRITICAL,2 days,Continuously,21-50,Yes,Village area,English,Synthetic initial dataset
VCGIS-1275,"The water pipeline has burst behind the local market. It has continued for 1 day, and nearby families are affected. People are having to depend on alternative sources. The concerned department should check this location.",WATER,Pipeline Burst,HIGH,1 day,Continuously,51-100,Yes,Market area,English,Synthetic initial dataset
VCGIS-0734,I want to report the transformer appears faulty beside the temple. It has been happening for 2 days. The area becomes difficult to use after dark. Kindly arrange a field inspection and repair.,ELECTRICITY,Transformer Problem,HIGH,2 days,Frequently,51-100,Yes,College area,English,Synthetic initial dataset
VCGIS-0059,Please check near the apartment entrance. A large pothole and pedestrians are being forced to move onto the road. This has been going on for 2 weeks. Kindly send a team to assess and fix the problem.,ROAD,Pothole,MEDIUM,2 weeks,Frequently,21-50,No,College area,English,Synthetic initial dataset
VCGIS-0615,"Electricity keeps going off beside the government school. The issue has continued for 1 day, and shops and residents are facing disruption. The issue has been noticed by several nearby residents. Please resolve the problem as soon as possible.",ELECTRICITY,Power Outage,CRITICAL,1 day,Continuously,More than 100,Yes,Bus/transport area,English,Synthetic initial dataset
VCGIS-0121,Please check at the market junction. Deep potholes and vehicles are struggling to pass. This has been going on for 1 month. Please inspect the issue and take necessary action.,ROAD,Pothole,HIGH,1 month,Daily,51-100,Yes,Residential area,English,Synthetic initial dataset
VCGIS-0432,Near the apartment entrance has the speed breaker is badly damaged. It has been happening for 2 weeks and two-wheelers are having difficulty using the stretch. It is especially difficult to notice the damage at night.,ROAD,Damaged Speed Breaker,HIGH,2 weeks,Frequently,21-50,Yes,Residential area,English,Synthetic initial dataset
VCGIS-1147,Beside the public park has a water problem: there is no water supply. The problem is becoming more frequent. Kindly arrange a field inspection and repair.,WATER,No Water Supply,CRITICAL,7 days,Continuously,More than 100,Yes,Bus/transport area,English,Synthetic initial dataset
VCGIS-0457,There is a road issue near the hospital: an open manhole is present. It happens continuously and has continued for 3 days. Pedestrians are being forced to move onto the road.,ROAD,Damaged Manhole,CRITICAL,3 days,Continuously,51-100,Yes,College area,English,Synthetic initial dataset
VCGIS-0345,I want to report the road is badly waterlogged near the playground. The problem has continued for 1 week. Vehicles are struggling to pass. Please inspect the issue and take necessary action.,ROAD,Waterlogged Road,HIGH,1 week,Daily,51-100,Yes,Residential area,English,Synthetic initial dataset
VCGIS-0870,"An electrical wire has come loose near the community hall. The issue has continued for 1 day, and people are worried about electrical safety. The problem is worse after sunset. Kindly send a team to assess and fix the problem.",ELECTRICITY,Broken/Low-Hanging Wire,CRITICAL,1 day,Continuously,21-50,Yes,Public road,English,Synthetic initial dataset
VCGIS-1183,I want to report only a small amount of water is coming close to the petrol bunk. The problem has been there for 1 week. Residents are having to arrange water from elsewhere. Kindly arrange a field inspection and repair.,WATER,Low Water Pressure,MEDIUM,1 week,Daily,21-50,No,College area,English,Synthetic initial dataset
VCGIS-0447,Please check near the hospital. The speed breaker has a sharp broken edge and two-wheelers are having difficulty using the stretch. This has been going on for 2 weeks. Kindly arrange a field inspection and repair.,ROAD,Damaged Speed Breaker,HIGH,2 weeks,Frequently,21-50,Yes,College area,English,Synthetic initial dataset
VCGIS-0619,Please check near the apartment entrance. The power is out and shops and residents are facing disruption. The problem has existed for 1 day.,ELECTRICITY,Power Outage,CRITICAL,1 day,Continuously,More than 100,Yes,Bus/transport area,English,Synthetic initial dataset
VCGIS-1035,I want to report there is no water supply near the bus stop. The problem has been there for 2 days. Residents are having to arrange water from elsewhere. Kindly arrange a field inspection and repair.,WATER,No Water Supply,HIGH,2 days,Daily,21-50,No,Residential area,English,Synthetic initial dataset
VCGIS-0436,"The speed breaker has a sharp broken edge beside the public park. It has been like this for 2 weeks, and pedestrians are being forced to move onto the road. People have complained about the same spot before. Please resolve the problem as soon as possible.",ROAD,Damaged Speed Breaker,HIGH,2 weeks,Frequently,21-50,Yes,Market area,English,Synthetic initial dataset
VCGIS-0337,There is a road issue beside the public park: the road is badly waterlogged. It happens daily and has continued for 1 week. Pedestrians are being forced to move onto the road.,ROAD,Waterlogged Road,HIGH,1 week,Daily,51-100,Yes,Market area,English,Synthetic initial dataset
VCGIS-1066,I want to report water has stopped coming near the main junction. The problem has been there for 5 days. Several households are affected. Kindly send a team to assess and fix the problem.,WATER,No Water Supply,HIGH,5 days,Daily,51-100,No,Public road,English,Synthetic initial dataset
VCGIS-1414,Near the village office has a water problem: the water tank is overflowing. People are having to depend on alternative sources. The concerned department should check this location.,WATER,Water Tank Problem,MEDIUM,2 weeks,Frequently,21-50,No,Residential area,English,Synthetic initial dataset
VCGIS-0743,I want to report the transformer appears faulty near the community hall. It has been happening for 2 days. The area becomes difficult to use after dark. The concerned department should check this location.,ELECTRICITY,Transformer Problem,HIGH,2 days,Frequently,51-100,Yes,Village area,English,Synthetic initial dataset
VCGIS-0178,There is a road issue near the playground: cracks across the road. It happens frequently and has continued for 2 weeks. Riders are having to suddenly change direction.,ROAD,Road Damage,MEDIUM,2 weeks,Frequently,21-50,No,College area,English,Synthetic initial dataset
VCGIS-1230,The roadside pipe is leaking near the hospital for 4 days. People are worried about using the water. Several houses have reported the same problem.,WATER,Pipeline Leakage,MEDIUM,4 days,Continuously,21-50,No,Bus/transport area,English,Synthetic initial dataset
VCGIS-0970,The pole is producing sparks close to the railway station 1 day. Nearby homes are being affected. The issue has been noticed by several nearby residents.,ELECTRICITY,Sparking,CRITICAL,1 day,Frequently,21-50,Yes,Market area,English,Synthetic initial dataset
VCGIS-0018,I want to report deep potholes near the hospital. The problem has continued for 3 days. Children and older people are finding it difficult to cross. Please take appropriate corrective action.,ROAD,Pothole,MEDIUM,3 days,Occasionally,6-20,No,Bus/transport area,English,Synthetic initial dataset
VCGIS-0320,"The road stays flooded after rain near the village office. It has been like this for 1 week, and vehicles are struggling to pass. A two-wheeler nearly lost balance there recently. Please take appropriate corrective action.",ROAD,Waterlogged Road,HIGH,1 week,Daily,51-100,Yes,Public road,English,Synthetic initial dataset
VCGIS-1488,People are reporting unsafe-looking drinking water beside the public park for 2 days. People are struggling with daily water needs. The problem is becoming more frequent.,WATER,Water Contamination,CRITICAL,2 days,Continuously,51-100,Yes,Market area,English,Synthetic initial dataset
VCGIS-0764,"The transformer appears faulty near the main junction. The issue has continued for 1 day, and visibility is poor in the evening. Residents are worried that someone could get hurt. Kindly arrange a field inspection and repair.",ELECTRICITY,Transformer Problem,CRITICAL,1 day,Continuously,More than 100,Yes,Public road,English,Synthetic initial dataset
VCGIS-1178,Water pressure is very low in our residential layout for 1 week. People are worried about using the water. People are having to depend on alternative sources.,WATER,Low Water Pressure,MEDIUM,1 week,Daily,21-50,No,Bus/transport area,English,Synthetic initial dataset
VCGIS-1044,The street has no water in our residential layout for 2 days. People are struggling with daily water needs. Several houses have reported the same problem.,WATER,No Water Supply,MEDIUM,2 days,Daily,21-50,No,Market area,English,Synthetic initial dataset
VCGIS-0417,Beside the temple has the speed breaker has a sharp broken edge. It has been happening for 2 weeks and two-wheelers are having difficulty using the stretch. People have complained about the same spot before.,ROAD,Damaged Speed Breaker,HIGH,2 weeks,Frequently,21-50,Yes,Residential area,English,Synthetic initial dataset
VCGIS-1400,"The water pump is not working beside the temple. It has continued for 3 days, and people are worried about using the water. Residents have already tried reporting the issue locally. Kindly arrange a field inspection and repair.",WATER,Pump Failure,HIGH,3 days,Daily,51-100,No,Bus/transport area,English,Synthetic initial dataset
VCGIS-0416,"The speed breaker has a sharp broken edge near the bus stop. It has been like this for 2 weeks, and children and older people are finding it difficult to cross. There is no warning sign around the damaged section. Kindly send a team to assess and fix the problem.",ROAD,Damaged Speed Breaker,HIGH,2 weeks,Frequently,21-50,Yes,College area,English,Synthetic initial dataset
VCGIS-0828,"The pole looks unstable near the public library. The issue has continued for 3 days, and visibility is poor in the evening. The fault appears to be getting worse. The concerned department should check this location.",ELECTRICITY,Electrical Pole Damage,HIGH,3 days,Continuously,51-100,Yes,Market area,English,Synthetic initial dataset
VCGIS-0733,In our residential layout has an electricity problem: the transformer appears faulty. There is no warning sign around the affected equipment. Kindly arrange a field inspection and repair.,ELECTRICITY,Transformer Problem,HIGH,2 days,Frequently,51-100,Yes,Residential area,English,Synthetic initial dataset
VCGIS-1378,The pumping system is down near the bus stop for 3 days. Residents are having to arrange water from elsewhere. The issue is particularly difficult for elderly residents.,WATER,Pump Failure,HIGH,3 days,Daily,51-100,No,Public road,English,Synthetic initial dataset
VCGIS-0418,Near the bus stop has the speed breaker is badly damaged. It has been happening for 2 weeks and children and older people are finding it difficult to cross. People have complained about the same spot before.,ROAD,Damaged Speed Breaker,CRITICAL,2 weeks,Frequently,21-50,Yes,Village area,English,Synthetic initial dataset
VCGIS-0493,In our residential layout has the manhole cover is broken. It has been happening for 3 days and pedestrians are being forced to move onto the road. The problem gets worse when it rains.,ROAD,Damaged Manhole,CRITICAL,3 days,Continuously,51-100,Yes,Bus/transport area,English,Synthetic initial dataset
VCGIS-1288,On the main road has a water problem: water is gushing from a broken pipeline. Residents have already tried reporting the issue locally. Please take appropriate corrective action.,WATER,Pipeline Burst,HIGH,1 day,Continuously,51-100,Yes,Public road,English,Synthetic initial dataset
VCGIS-0083,Near the community hall has a dangerous pothole. It has been happening for 2 weeks and riders are having to suddenly change direction. The problem gets worse when it rains.,ROAD,Pothole,MEDIUM,2 weeks,Frequently,21-50,No,Village area,English,Synthetic initial dataset
VCGIS-1490,People are reporting unsafe-looking drinking water close to the railway station for 2 days. Several households are affected. People are having to depend on alternative sources.,WATER,Water Contamination,CRITICAL,2 days,Continuously,51-100,Yes,Public road,English,Synthetic initial dataset
VCGIS-0285,I want to report the roadside has caved in near the playground. The problem has continued for 1 day. Riders are having to suddenly change direction. Kindly send a team to assess and fix the problem.,ROAD,Road Collapse,HIGH,1 day,Continuously,More than 100,Yes,Bus/transport area,English,Synthetic initial dataset
VCGIS-0119,Near the college gate has deep potholes. It has been happening for 1 month and vehicles are struggling to pass. A two-wheeler nearly lost balance there recently.,ROAD,Pothole,HIGH,1 month,Daily,51-100,Yes,Bus/transport area,English,Synthetic initial dataset
VCGIS-1215,Beside the government school has a water problem: a water pipeline is leaking. People are having to depend on alternative sources. Kindly arrange a field inspection and repair.,WATER,Pipeline Leakage,MEDIUM,4 days,Continuously,21-50,No,College area,English,Synthetic initial dataset
VCGIS-0852,I want to report a wire appears to be sagging dangerously near the playground. It has been happening for 1 day. People are worried about electrical safety. Please take appropriate corrective action.,ELECTRICITY,Broken/Low-Hanging Wire,CRITICAL,1 day,Continuously,21-50,Yes,Village area,English,Synthetic initial dataset
VCGIS-0346,I want to report the road stays flooded after rain on the main road. The problem has continued for 1 week. Two-wheelers are having difficulty using the stretch. Please inspect the issue and take necessary action.,ROAD,Waterlogged Road,HIGH,1 week,Daily,51-100,Yes,College area,English,Synthetic initial dataset
VCGIS-0983,At the market junction has an electricity problem: the transformer is sparking. The fault appears to be getting worse. Please resolve the problem as soon as possible.,ELECTRICITY,Sparking,CRITICAL,1 day,Frequently,21-50,Yes,Village area,English,Synthetic initial dataset
VCGIS-0438,I want to report the speed breaker is uneven near the bus stop. The problem has continued for 2 weeks. Pedestrians are being forced to move onto the road. Please take appropriate corrective action.,ROAD,Damaged Speed Breaker,HIGH,2 weeks,Frequently,21-50,Yes,Market area,English,Synthetic initial dataset
VCGIS-0495,There is a road issue beside the public park: the manhole cover is missing. It happens continuously and has continued for 3 days. Children and older people are finding it difficult to cross.,ROAD,Damaged Manhole,CRITICAL,3 days,Continuously,51-100,Yes,Residential area,English,Synthetic initial dataset
VCGIS-0115,I want to report deep potholes close to the petrol bunk. The problem has continued for 1 month. Two-wheelers are having difficulty using the stretch. Please resolve the problem as soon as possible.,ROAD,Pothole,HIGH,1 month,Daily,51-100,Yes,College area,English,Synthetic initial dataset
VCGIS-0720,On the main road has an electricity problem: the transformer appears faulty. The fault appears to be getting worse. Kindly arrange a field inspection and repair.,ELECTRICITY,Transformer Problem,HIGH,2 days,Frequently,51-100,Yes,Residential area,English,Synthetic initial dataset
VCGIS-0777,Near the hospital has an electricity problem: the transformer is making a loud noise. Residents are worried that someone could get hurt. Kindly arrange a field inspection and repair.,ELECTRICITY,Transformer Problem,CRITICAL,1 day,Continuously,More than 100,Yes,College area,English,Synthetic initial dataset
VCGIS-1228,"Water is leaking from the main pipe behind the local market. It has continued for 4 days, and people are worried about using the water. The problem is becoming more frequent. The concerned department should check this location.",WATER,Pipeline Leakage,MEDIUM,4 days,Continuously,21-50,No,College area,English,Synthetic initial dataset
VCGIS-0283,I want to report the road edge has collapsed near the hospital. The problem has continued for 1 day. Children and older people are finding it difficult to cross. Please resolve the problem as soon as possible.,ROAD,Road Collapse,CRITICAL,1 day,Continuously,More than 100,Yes,Residential area,English,Synthetic initial dataset
VCGIS-0240,Close to the railway station has uneven asphalt. It has been happening for 2 months and pedestrians are being forced to move onto the road. The problem gets worse when it rains.,ROAD,Road Damage,HIGH,2 months,Daily,51-100,Yes,Residential area,English,Synthetic initial dataset
VCGIS-0820,Near the college gate has an electricity problem: the pole is damaged. There is no warning sign around the affected equipment. Please inspect the issue and take necessary action.,ELECTRICITY,Electrical Pole Damage,HIGH,3 days,Continuously,51-100,Yes,Bus/transport area,English,Synthetic initial dataset
VCGIS-0292,"A section of the road has given way near the village office. It has been like this for 1 day, and children and older people are finding it difficult to cross. The problem gets worse when it rains. The concerned department should check this location.",ROAD,Road Collapse,CRITICAL,1 day,Continuously,More than 100,Yes,College area,English,Synthetic initial dataset
VCGIS-1028,Please check beside the government school. The street has no water and the issue is disrupting normal household activities. This has been happening for 2 days.,WATER,No Water Supply,MEDIUM,2 days,Daily,21-50,No,Bus/transport area,English,Synthetic initial dataset
VCGIS-0669,"The lamp has stopped working near the apartment entrance. The issue has continued for 2 weeks, and shops and residents are facing disruption. There is no warning sign around the affected equipment. Kindly send a team to assess and fix the problem.",ELECTRICITY,Streetlight Failure,MEDIUM,2 weeks,Daily,21-50,Yes,Bus/transport area,English,Synthetic initial dataset
VCGIS-0048,"Several potholes near the playground. It has been like this for 3 days, and children and older people are finding it difficult to cross. It is especially difficult to notice the damage at night. Kindly send a team to assess and fix the problem.",ROAD,Pothole,LOW,3 days,Occasionally,6-20,No,Public road,English,Synthetic initial dataset
VCGIS-1424,The water tank is not filling at the market junction for 2 weeks. Several households are affected. The issue is particularly difficult for elderly residents.,WATER,Water Tank Problem,MEDIUM,2 weeks,Frequently,21-50,No,Market area,English,Synthetic initial dataset
VCGIS-1475,Please check beside the temple. The tap water has a bad smell and nearby families are affected. This has been happening for 2 days.,WATER,Water Contamination,CRITICAL,2 days,Continuously,51-100,Yes,College area,English,Synthetic initial dataset
VCGIS-0497,"The manhole cover is broken near the main junction. It has been like this for 3 days, and traffic slows down around the location. There is no warning sign around the damaged section. Kindly arrange a field inspection and repair.",ROAD,Damaged Manhole,CRITICAL,3 days,Continuously,51-100,Yes,Public road,English,Synthetic initial dataset
VCGIS-0280,Near the playground has a section of the road has given way. It has been happening for 1 day and traffic slows down around the location. People have complained about the same spot before.,ROAD,Road Collapse,CRITICAL,1 day,Continuously,More than 100,Yes,Public road,English,Synthetic initial dataset
VCGIS-0705,I want to report the transformer is making a loud noise near the public library. It has been happening for 2 days. The area becomes difficult to use after dark. Please take appropriate corrective action.,ELECTRICITY,Transformer Problem,HIGH,2 days,Frequently,51-100,Yes,Public road,English,Synthetic initial dataset
VCGIS-0421,There is a road issue in our residential layout: the speed breaker is uneven. It happens frequently and has continued for 2 weeks. Riders are having to suddenly change direction.,ROAD,Damaged Speed Breaker,HIGH,2 weeks,Frequently,21-50,Yes,Market area,English,Synthetic initial dataset
VCGIS-0611,Please check in our residential layout. The power is out and the area becomes difficult to use after dark. The problem has existed for 1 day.,ELECTRICITY,Power Outage,CRITICAL,1 day,Continuously,More than 100,Yes,Village area,English,Synthetic initial dataset
VCGIS-1179,Please check beside the public park. Water comes with very low pressure and nearby families are affected. This has been happening for 1 week.,WATER,Low Water Pressure,MEDIUM,1 week,Daily,21-50,No,Bus/transport area,English,Synthetic initial dataset
VCGIS-0943,"An electrical cable is exposed at the market junction. The issue has continued for 2 days, and several households are affected. Residents are worried that someone could get hurt. The concerned department should check this location.",ELECTRICITY,Exposed Electrical Cable,CRITICAL,2 days,Continuously,21-50,Yes,Market area,English,Synthetic initial dataset
VCGIS-0400,Near the bus stop has the footpath has become uneven. It has been happening for 1 month and children and older people are finding it difficult to cross. There is no warning sign around the damaged section.,ROAD,Footpath Damage,MEDIUM,1 month,Frequently,21-50,No,Market area,English,Synthetic initial dataset
VCGIS-0891,Near the apartment entrance has an electricity problem: a cable is hanging near pedestrians. The issue has been noticed by several nearby residents. Kindly arrange a field inspection and repair.,ELECTRICITY,Broken/Low-Hanging Wire,CRITICAL,1 day,Continuously,21-50,Yes,College area,English,Synthetic initial dataset
VCGIS-0093,There is a road issue near the community hall: a large pothole. It happens frequently and has continued for 2 weeks. Vehicles are struggling to pass.,ROAD,Pothole,MEDIUM,2 weeks,Frequently,21-50,No,College area,English,Synthetic initial dataset
VCGIS-0512,Please check near the hospital. The whole area has lost power and people are worried about electrical safety. The problem has existed for 1 day.,ELECTRICITY,Power Outage,MEDIUM,1 day,Occasionally,21-50,No,Market area,English,Synthetic initial dataset
VCGIS-0159,Near the college gate has a broken road stretch. It has been happening for 2 weeks and pedestrians are being forced to move onto the road. A two-wheeler nearly lost balance there recently.,ROAD,Road Damage,MEDIUM,2 weeks,Frequently,21-50,No,Village area,English,Synthetic initial dataset
VCGIS-1316,I want to report the borewell is not working beside the public park. The problem has been there for 1 week. People are struggling with daily water needs. Kindly send a team to assess and fix the problem.,WATER,Borewell Failure,HIGH,1 week,Daily,51-100,No,Village area,English,Synthetic initial dataset
VCGIS-0371,Near the village office has part of the footpath is missing. It has been happening for 1 month and children and older people are finding it difficult to cross. A two-wheeler nearly lost balance there recently.,ROAD,Footpath Damage,MEDIUM,1 month,Frequently,21-50,No,Village area,English,Synthetic initial dataset
VCGIS-0149,There is a road issue behind the local market: a dangerous pothole. It happens daily and has continued for 1 month. Traffic slows down around the location.,ROAD,Pothole,HIGH,1 month,Daily,51-100,Yes,Village area,English,Synthetic initial dataset
VCGIS-0827,Please check near the village office. The pole looks unstable and nearby homes are being affected. The problem has existed for 3 days.,ELECTRICITY,Electrical Pole Damage,HIGH,3 days,Continuously,51-100,Yes,Public road,English,Synthetic initial dataset
VCGIS-1333,Please check near the village office. The borewell is not working and the issue is disrupting normal household activities. This has been happening for 1 week.,WATER,Borewell Failure,HIGH,1 week,Daily,51-100,No,Residential area,English,Synthetic initial dataset
VCGIS-0141,I want to report a large pothole at the market junction. The problem has continued for 1 month. Traffic slows down around the location. Kindly send a team to assess and fix the problem.,ROAD,Pothole,HIGH,1 month,Daily,51-100,Yes,Bus/transport area,English,Synthetic initial dataset
VCGIS-0030,Near the main junction has a large pothole. It has been happening for 3 days and children and older people are finding it difficult to cross. A two-wheeler nearly lost balance there recently.,ROAD,Pothole,LOW,3 days,Occasionally,6-20,No,Market area,English,Synthetic initial dataset
VCGIS-0974,At the market junction has an electricity problem: sparks are coming from the electrical equipment. The issue has been noticed by several nearby residents. Please resolve the problem as soon as possible.,ELECTRICITY,Sparking,CRITICAL,1 day,Frequently,21-50,Yes,Village area,English,Synthetic initial dataset
VCGIS-0976,Please check near the bus stop. The pole is producing sparks and nearby homes are being affected. The problem has existed for 1 day.,ELECTRICITY,Sparking,CRITICAL,1 day,Frequently,21-50,Yes,Residential area,English,Synthetic initial dataset
VCGIS-0379,Close to the railway station has pavement tiles are damaged. It has been happening for 1 month and two-wheelers are having difficulty using the stretch. People have complained about the same spot before.,ROAD,Footpath Damage,MEDIUM,1 month,Frequently,21-50,No,Residential area,English,Synthetic initial dataset
VCGIS-0229,I want to report cracks across the road beside the government school. The problem has continued for 2 months. Pedestrians are being forced to move onto the road. Please take appropriate corrective action.,ROAD,Road Damage,HIGH,2 months,Daily,51-100,Yes,College area,English,Synthetic initial dataset
VCGIS-0499,I want to report an open manhole is present near the village office. The problem has continued for 3 days. Pedestrians are being forced to move onto the road. The concerned department should check this location.,ROAD,Damaged Manhole,CRITICAL,3 days,Continuously,51-100,Yes,Public road,English,Synthetic initial dataset
VCGIS-0747,"The transformer has stopped working beside the public park. The issue has continued for 2 days, and the area becomes difficult to use after dark. There is no warning sign around the affected equipment. Please inspect the issue and take necessary action.",ELECTRICITY,Transformer Problem,HIGH,2 days,Frequently,51-100,Yes,College area,English,Synthetic initial dataset
VCGIS-0066,"Several potholes near the main junction. It has been like this for 2 weeks, and riders are having to suddenly change direction. It is especially difficult to notice the damage at night. Please resolve the problem as soon as possible.",ROAD,Pothole,MEDIUM,2 weeks,Frequently,21-50,No,College area,English,Synthetic initial dataset
VCGIS-0259,There is a road issue close to the railway station: part of the road has collapsed. It happens continuously and has continued for 1 day. Pedestrians are being forced to move onto the road.,ROAD,Road Collapse,CRITICAL,1 day,Continuously,More than 100,Yes,Residential area,English,Synthetic initial dataset
VCGIS-0925,"Wiring is visible near the roadside near the hospital. The issue has continued for 2 days, and several households are affected. The issue has been noticed by several nearby residents. Please take appropriate corrective action.",ELECTRICITY,Exposed Electrical Cable,CRITICAL,2 days,Continuously,21-50,Yes,Bus/transport area,English,Synthetic initial dataset
VCGIS-0572,"The whole area has lost power beside the government school. The issue has continued for 3 days, and several households are affected. The problem is worse after sunset. Please inspect the issue and take necessary action.",ELECTRICITY,Power Outage,HIGH,3 days,Daily,51-100,No,College area,English,Synthetic initial dataset
VCGIS-0332,Near the playground has the road is badly waterlogged. It has been happening for 1 week and riders are having to suddenly change direction. It is especially difficult to notice the damage at night.,ROAD,Waterlogged Road,HIGH,1 week,Daily,51-100,Yes,Market area,English,Synthetic initial dataset
VCGIS-1023,Near the college gate has a water problem: our taps are dry. The problem is becoming more frequent. Kindly send a team to assess and fix the problem.,WATER,No Water Supply,MEDIUM,2 days,Daily,21-50,No,College area,English,Synthetic initial dataset
VCGIS-1372,Please check near the college gate. The pumping system is down and people are struggling with daily water needs. This has been happening for 3 days.,WATER,Pump Failure,HIGH,3 days,Daily,51-100,No,Residential area,English,Synthetic initial dataset
VCGIS-1335,I want to report the borewell pump has stopped close to the railway station. The problem has been there for 1 week. The issue is disrupting normal household activities. Please take appropriate corrective action.,WATER,Borewell Failure,CRITICAL,1 week,Daily,51-100,No,Residential area,English,Synthetic initial dataset
VCGIS-0978,On the main road has an electricity problem: sparks are coming from the electrical equipment. Residents are worried that someone could get hurt. Kindly send a team to assess and fix the problem.,ELECTRICITY,Sparking,CRITICAL,1 day,Frequently,21-50,Yes,Public road,English,Synthetic initial dataset
VCGIS-1160,I want to report only a small amount of water is coming in our residential layout. The problem has been there for 1 week. Nearby families are affected. Kindly send a team to assess and fix the problem.,WATER,Low Water Pressure,MEDIUM,1 week,Daily,21-50,No,Market area,English,Synthetic initial dataset
VCGIS-0946,Please check near the hospital. Wiring is visible near the roadside and the area becomes difficult to use after dark. The problem has existed for 2 days.,ELECTRICITY,Exposed Electrical Cable,CRITICAL,2 days,Continuously,21-50,Yes,Residential area,English,Synthetic initial dataset
VCGIS-0792,Beside the government school has an electricity problem: the transformer is making a loud noise. The fault appears to be getting worse. The concerned department should check this location.,ELECTRICITY,Transformer Problem,CRITICAL,1 day,Continuously,More than 100,Yes,Village area,English,Synthetic initial dataset
VCGIS-1377,Near the bus stop has a water problem: the pumping system is down. People are having to depend on alternative sources. Please inspect the issue and take necessary action.,WATER,Pump Failure,HIGH,3 days,Daily,51-100,No,Public road,English,Synthetic initial dataset
VCGIS-0795,I want to report the transformer is making a loud noise at the market junction. It has been happening for 1 day. Shops and residents are facing disruption. Kindly arrange a field inspection and repair.,ELECTRICITY,Transformer Problem,CRITICAL,1 day,Continuously,More than 100,Yes,Village area,English,Synthetic initial dataset
VCGIS-0441,There is a road issue near the apartment entrance: the speed breaker is badly damaged. It happens frequently and has continued for 2 weeks. Vehicles are struggling to pass.,ROAD,Damaged Speed Breaker,HIGH,2 weeks,Frequently,21-50,Yes,College area,English,Synthetic initial dataset
VCGIS-0287,I want to report part of the road has collapsed beside the government school. The problem has continued for 1 day. Riders are having to suddenly change direction. Please take appropriate corrective action.,ROAD,Road Collapse,CRITICAL,1 day,Continuously,More than 100,Yes,Village area,English,Synthetic initial dataset
VCGIS-0129,I want to report a large pothole in our residential layout. The problem has continued for 1 month. Two-wheelers are having difficulty using the stretch. Kindly send a team to assess and fix the problem.,ROAD,Pothole,HIGH,1 month,Daily,51-100,Yes,College area,English,Synthetic initial dataset
VCGIS-0446,There is a road issue in our residential layout: the speed breaker is badly damaged. It happens frequently and has continued for 2 weeks. Children and older people are finding it difficult to cross.,ROAD,Damaged Speed Breaker,HIGH,2 weeks,Frequently,21-50,Yes,College area,English,Synthetic initial dataset
VCGIS-1271,Please check beside the temple. A main pipe has broken and the issue is disrupting normal household activities. This has been happening for 1 day.,WATER,Pipeline Burst,HIGH,1 day,Continuously,51-100,Yes,Market area,English,Synthetic initial dataset
VCGIS-0456,I want to report the manhole is raised above the road on the main road. The problem has continued for 3 days. Pedestrians are being forced to move onto the road. The concerned department should check this location.,ROAD,Damaged Manhole,CRITICAL,3 days,Continuously,51-100,Yes,Public road,English,Synthetic initial dataset
VCGIS-1358,"The water pump is not working near the public library. It has continued for 3 days, and the issue is disrupting normal household activities. People are having to depend on alternative sources. Please take appropriate corrective action.",WATER,Pump Failure,HIGH,3 days,Daily,51-100,No,Residential area,English,Synthetic initial dataset
VCGIS-1252,Please check behind the local market. A main pipe has broken and several households are affected. This has been happening for 1 day.,WATER,Pipeline Burst,HIGH,1 day,Continuously,51-100,Yes,Public road,English,Synthetic initial dataset
VCGIS-1080,"Water has stopped coming near the main junction. It has continued for 5 days, and several households are affected. People are having to depend on alternative sources. Kindly send a team to assess and fix the problem.",WATER,No Water Supply,HIGH,5 days,Daily,51-100,No,Residential area,English,Synthetic initial dataset
VCGIS-1000,Sparks are coming from the electrical equipment near the playground 1 day. Visibility is poor in the evening. The problem is worse after sunset.,ELECTRICITY,Sparking,CRITICAL,1 day,Frequently,21-50,Yes,Bus/transport area,English,Synthetic initial dataset
VCGIS-0534,I want to report electricity keeps going off beside the public park. It has been happening for 1 day. Visibility is poor in the evening. Please take appropriate corrective action.,ELECTRICITY,Power Outage,MEDIUM,1 day,Occasionally,21-50,No,College area,English,Synthetic initial dataset
VCGIS-0725,Please check close to the petrol bunk. The transformer is making a loud noise and shops and residents are facing disruption. The problem has existed for 2 days.,ELECTRICITY,Transformer Problem,HIGH,2 days,Frequently,51-100,Yes,Residential area,English,Synthetic initial dataset
VCGIS-0007,There is a road issue beside the government school: a large pothole. It happens occasionally and has continued for 3 days. Two-wheelers are having difficulty using the stretch.,ROAD,Pothole,LOW,3 days,Occasionally,6-20,No,College area,English,Synthetic initial dataset
VCGIS-0485,I want to report the manhole cover is broken near the apartment entrance. The problem has continued for 3 days. Vehicles are struggling to pass. The concerned department should check this location.,ROAD,Damaged Manhole,HIGH,3 days,Continuously,51-100,Yes,Public road,English,Synthetic initial dataset
VCGIS-0671,"The streetlight is not working close to the railway station. The issue has continued for 2 weeks, and nearby homes are being affected. Residents are worried that someone could get hurt. Please resolve the problem as soon as possible.",ELECTRICITY,Streetlight Failure,MEDIUM,2 weeks,Daily,21-50,Yes,Bus/transport area,English,Synthetic initial dataset
VCGIS-0644,In our residential layout has an electricity problem: the whole area has lost power. The fault appears to be getting worse. Please take appropriate corrective action.,ELECTRICITY,Power Outage,CRITICAL,1 day,Continuously,More than 100,Yes,Residential area,English,Synthetic initial dataset
VCGIS-0106,Please check near the playground. A dangerous pothole and traffic slows down around the location. This has been going on for 1 month. Please take appropriate corrective action.,ROAD,Pothole,HIGH,1 month,Daily,51-100,Yes,Village area,English,Synthetic initial dataset
VCGIS-1002,I want to report water has stopped coming near the bus stop. The problem has been there for 2 days. People are worried about using the water. Kindly send a team to assess and fix the problem.,WATER,No Water Supply,MEDIUM,2 days,Daily,21-50,No,College area,English,Synthetic initial dataset
VCGIS-1005,The street has no water near the hospital for 2 days. People are struggling with daily water needs. The problem is becoming more frequent.,WATER,No Water Supply,MEDIUM,2 days,Daily,21-50,No,Village area,English,Synthetic initial dataset
VCGIS-0753,Please check near the apartment entrance. The transformer is making a loud noise and people are worried about electrical safety. The problem has existed for 1 day.,ELECTRICITY,Transformer Problem,CRITICAL,1 day,Continuously,More than 100,Yes,Residential area,English,Synthetic initial dataset
VCGIS-0179,There is a road issue near the college gate: a broken road stretch. It happens frequently and has continued for 2 weeks. Children and older people are finding it difficult to cross.,ROAD,Road Damage,MEDIUM,2 weeks,Frequently,21-50,No,College area,English,Synthetic initial dataset
VCGIS-0061,"A dangerous pothole near the community hall. It has been like this for 2 weeks, and traffic slows down around the location. There is no warning sign around the damaged section. The concerned department should check this location.",ROAD,Pothole,MEDIUM,2 weeks,Frequently,21-50,No,Bus/transport area,English,Synthetic initial dataset
VCGIS-1396,"The pumping system is down near the college gate. It has continued for 3 days, and people are struggling with daily water needs. Residents have already tried reporting the issue locally. Kindly send a team to assess and fix the problem.",WATER,Pump Failure,HIGH,3 days,Daily,51-100,No,Public road,English,Synthetic initial dataset
VCGIS-1192,I want to report the tap flow is weak near the main junction. The problem has been there for 1 week. Several households are affected. Kindly arrange a field inspection and repair.,WATER,Low Water Pressure,MEDIUM,1 week,Daily,21-50,No,Residential area,English,Synthetic initial dataset
VCGIS-1302,The borewell pump has stopped near the community hall for 1 week. Nearby families are affected. Several houses have reported the same problem.,WATER,Borewell Failure,HIGH,1 week,Daily,51-100,No,Public road,English,Synthetic initial dataset
VCGIS-1063,There is no water supply beside the temple for 5 days. The issue is disrupting normal household activities. People are having to depend on alternative sources.,WATER,No Water Supply,HIGH,5 days,Daily,51-100,No,College area,English,Synthetic initial dataset
VCGIS-0359,Please check beside the public park. Pavement tiles are damaged and traffic slows down around the location. This has been going on for 1 month. Kindly send a team to assess and fix the problem.,ROAD,Footpath Damage,MEDIUM,1 month,Frequently,21-50,No,Market area,English,Synthetic initial dataset
VCGIS-0454,Beside the government school has the manhole is raised above the road. It has been happening for 3 days and traffic slows down around the location. There is no warning sign around the damaged section.,ROAD,Damaged Manhole,CRITICAL,3 days,Continuously,51-100,Yes,Village area,English,Synthetic initial dataset
VCGIS-1175,Please check near the college gate. Water comes with very low pressure and the issue is disrupting normal household activities. This has been happening for 1 week.,WATER,Low Water Pressure,MEDIUM,1 week,Daily,21-50,No,Market area,English,Synthetic initial dataset
VCGIS-1158,Near the hospital has a water problem: only a small amount of water is coming. The problem is becoming more frequent. Kindly send a team to assess and fix the problem.,WATER,Low Water Pressure,MEDIUM,1 week,Daily,21-50,No,Residential area,English,Synthetic initial dataset
VCGIS-0328,Please check near the bus stop. The road stays flooded after rain and two-wheelers are having difficulty using the stretch. This has been going on for 1 week. The concerned department should check this location.,ROAD,Waterlogged Road,HIGH,1 week,Daily,51-100,Yes,College area,English,Synthetic initial dataset
VCGIS-0042,"Several potholes behind the local market. It has been like this for 3 days, and pedestrians are being forced to move onto the road. There is no warning sign around the damaged section. Please inspect the issue and take necessary action.",ROAD,Pothole,LOW,3 days,Occasionally,6-20,No,Public road,English,Synthetic initial dataset
VCGIS-1254,Close to the petrol bunk has a water problem: water is gushing from a broken pipeline. The issue is particularly difficult for elderly residents. The concerned department should check this location.,WATER,Pipeline Burst,HIGH,1 day,Continuously,51-100,Yes,Public road,English,Synthetic initial dataset
VCGIS-1136,There is no water supply close to the petrol bunk for 7 days. People are worried about using the water. People are having to depend on alternative sources.,WATER,No Water Supply,CRITICAL,7 days,Continuously,More than 100,Yes,Market area,English,Synthetic initial dataset
VCGIS-1339,"The local borewell is not supplying water near the college gate. It has continued for 1 week, and several households are affected. Several houses have reported the same problem. Kindly arrange a field inspection and repair.",WATER,Borewell Failure,HIGH,1 week,Daily,51-100,No,Residential area,English,Synthetic initial dataset
VCGIS-1289,I want to report water is gushing from a broken pipeline in our residential layout. The problem has been there for 1 day. Residents are having to arrange water from elsewhere. Please inspect the issue and take necessary action.,WATER,Pipeline Burst,HIGH,1 day,Continuously,51-100,Yes,Public road,English,Synthetic initial dataset
VCGIS-0947,I want to report a cable has lost its insulation near the community hall. It has been happening for 2 days. Nearby homes are being affected. Kindly send a team to assess and fix the problem.,ELECTRICITY,Exposed Electrical Cable,CRITICAL,2 days,Continuously,21-50,Yes,Public road,English,Synthetic initial dataset
VCGIS-0174,"A badly damaged road surface near the college gate. It has been like this for 2 weeks, and children and older people are finding it difficult to cross. People have complained about the same spot before. Kindly send a team to assess and fix the problem.",ROAD,Road Damage,MEDIUM,2 weeks,Frequently,21-50,No,Residential area,English,Synthetic initial dataset
VCGIS-1332,The borewell has failed beside the temple for 1 week. People are worried about using the water. Residents have already tried reporting the issue locally.,WATER,Borewell Failure,HIGH,1 week,Daily,51-100,No,Market area,English,Synthetic initial dataset
VCGIS-0180,Near the bus stop has cracks across the road. It has been happening for 2 weeks and pedestrians are being forced to move onto the road. People have complained about the same spot before.,ROAD,Road Damage,MEDIUM,2 weeks,Frequently,21-50,No,Market area,English,Synthetic initial dataset
VCGIS-0973,I want to report the pole is producing sparks near the bus stop. It has been happening for 1 day. The area becomes difficult to use after dark. Please take appropriate corrective action.,ELECTRICITY,Sparking,CRITICAL,1 day,Frequently,21-50,Yes,College area,English,Synthetic initial dataset
VCGIS-0016,Please check close to the petrol bunk. Several potholes and pedestrians are being forced to move onto the road. This has been going on for 3 days. Kindly arrange a field inspection and repair.,ROAD,Pothole,LOW,3 days,Occasionally,6-20,No,Public road,English,Synthetic initial dataset
VCGIS-0162,"Uneven asphalt behind the local market. It has been like this for 2 weeks, and riders are having to suddenly change direction. A two-wheeler nearly lost balance there recently. Please inspect the issue and take necessary action.",ROAD,Road Damage,MEDIUM,2 weeks,Frequently,21-50,No,Residential area,English,Synthetic initial dataset
VCGIS-0253,"Part of the road has collapsed on the main road. It has been like this for 1 day, and children and older people are finding it difficult to cross. There is no warning sign around the damaged section. Kindly arrange a field inspection and repair.",ROAD,Road Collapse,CRITICAL,1 day,Continuously,More than 100,Yes,Public road,English,Synthetic initial dataset
VCGIS-0347,"Rainwater is covering the road behind the local market. It has been like this for 1 week, and riders are having to suddenly change direction. It is especially difficult to notice the damage at night. The concerned department should check this location.",ROAD,Waterlogged Road,HIGH,1 week,Daily,51-100,Yes,Village area,English,Synthetic initial dataset
VCGIS-1062,Near the village office has a water problem: the street has no water. Several houses have reported the same problem. Kindly arrange a field inspection and repair.,WATER,No Water Supply,HIGH,5 days,Daily,51-100,No,Bus/transport area,English,Synthetic initial dataset
VCGIS-1331,I want to report the borewell has failed beside the temple. The problem has been there for 1 week. People are worried about using the water. Please take appropriate corrective action.,WATER,Borewell Failure,HIGH,1 week,Daily,51-100,No,Bus/transport area,English,Synthetic initial dataset
VCGIS-1464,I want to report people are reporting unsafe-looking drinking water in our residential layout. The problem has been there for 2 days. People are worried about using the water. Kindly arrange a field inspection and repair.,WATER,Water Contamination,CRITICAL,2 days,Continuously,51-100,Yes,Public road,English,Synthetic initial dataset
VCGIS-0060,I want to report a dangerous pothole near the community hall. The problem has continued for 2 weeks. Pedestrians are being forced to move onto the road. Please resolve the problem as soon as possible.,ROAD,Pothole,MEDIUM,2 weeks,Frequently,21-50,No,Market area,English,Synthetic initial dataset
VCGIS-0912,Please check near the village office. A cable has lost its insulation and people are worried about electrical safety. The problem has existed for 2 days.,ELECTRICITY,Exposed Electrical Cable,CRITICAL,2 days,Continuously,21-50,Yes,College area,English,Synthetic initial dataset
VCGIS-0100,Please check near the playground. Deep potholes and two-wheelers are having difficulty using the stretch. This has been going on for 2 weeks. Kindly arrange a field inspection and repair.,ROAD,Pothole,MEDIUM,2 weeks,Frequently,21-50,No,College area,English,Synthetic initial dataset
VCGIS-0594,The power is out behind the local market 3 days. People are worried about electrical safety. Residents are worried that someone could get hurt.,ELECTRICITY,Power Outage,HIGH,3 days,Daily,51-100,No,Residential area,English,Synthetic initial dataset
VCGIS-0972,Please check near the apartment entrance. There are repeated sparks near the connection and nearby homes are being affected. The problem has existed for 1 day.,ELECTRICITY,Sparking,CRITICAL,1 day,Frequently,21-50,Yes,Bus/transport area,English,Synthetic initial dataset
VCGIS-1123,Near the apartment entrance has a water problem: the street has no water. People are having to depend on alternative sources. Kindly arrange a field inspection and repair.,WATER,No Water Supply,CRITICAL,7 days,Continuously,More than 100,Yes,Residential area,English,Synthetic initial dataset
VCGIS-1498,Please check close to the petrol bunk. The water looks contaminated and people are worried about using the water. This has been happening for 2 days.,WATER,Water Contamination,CRITICAL,2 days,Continuously,51-100,Yes,Residential area,English,Synthetic initial dataset
VCGIS-1096,I want to report water has stopped coming beside the government school. The problem has been there for 5 days. Residents are having to arrange water from elsewhere. The concerned department should check this location.,WATER,No Water Supply,HIGH,5 days,Daily,51-100,No,Market area,English,Synthetic initial dataset
VCGIS-0991,Please check near the hospital. There are repeated sparks near the connection and several households are affected. The problem has existed for 1 day.,ELECTRICITY,Sparking,CRITICAL,1 day,Frequently,21-50,Yes,Public road,English,Synthetic initial dataset
VCGIS-1468,Near the hospital has a water problem: the water looks contaminated. People are having to depend on alternative sources. Kindly send a team to assess and fix the problem.,WATER,Water Contamination,HIGH,2 days,Continuously,51-100,Yes,Public road,English,Synthetic initial dataset
VCGIS-1398,The water pump is not working near the hospital for 3 days. People are worried about using the water. Residents have already tried reporting the issue locally.,WATER,Pump Failure,HIGH,3 days,Daily,51-100,No,Bus/transport area,English,Synthetic initial dataset
VCGIS-0760,"The transformer has stopped working near the main junction. The issue has continued for 1 day, and people are worried about electrical safety. The problem is worse after sunset. Please inspect the issue and take necessary action.",ELECTRICITY,Transformer Problem,CRITICAL,1 day,Continuously,More than 100,Yes,College area,English,Synthetic initial dataset
VCGIS-0905,I want to report an electrical wire is exposed beside the temple. It has been happening for 2 days. Nearby homes are being affected. Please inspect the issue and take necessary action.,ELECTRICITY,Exposed Electrical Cable,CRITICAL,2 days,Continuously,21-50,Yes,Public road,English,Synthetic initial dataset
VCGIS-1172,Please check near the apartment entrance. Water pressure is very low and several households are affected. This has been happening for 1 week.,WATER,Low Water Pressure,MEDIUM,1 week,Daily,21-50,No,Residential area,English,Synthetic initial dataset
VCGIS-0801,I want to report the pole is damaged near the community hall. It has been happening for 3 days. Several households are affected. Please resolve the problem as soon as possible.,ELECTRICITY,Electrical Pole Damage,CRITICAL,3 days,Continuously,51-100,Yes,College area,English,Synthetic initial dataset
VCGIS-0051,I want to report a large pothole near the hospital. The problem has continued for 2 weeks. Traffic slows down around the location. Please inspect the issue and take necessary action.,ROAD,Pothole,HIGH,2 weeks,Frequently,21-50,No,Village area,English,Synthetic initial dataset
VCGIS-0952,Please check near the apartment entrance. Sparks are coming from the electrical equipment and people are worried about electrical safety. The problem has existed for 1 day.,ELECTRICITY,Sparking,CRITICAL,1 day,Frequently,21-50,Yes,College area,English,Synthetic initial dataset
VCGIS-1453,I want to report the water is unusually dirty beside the government school. The problem has been there for 2 days. Nearby families are affected. Kindly arrange a field inspection and repair.,WATER,Water Contamination,CRITICAL,2 days,Continuously,51-100,Yes,Public road,English,Synthetic initial dataset
VCGIS-0275,I want to report part of the road has collapsed close to the petrol bunk. The problem has continued for 1 day. Children and older people are finding it difficult to cross. Please take appropriate corrective action.,ROAD,Road Collapse,CRITICAL,1 day,Continuously,More than 100,Yes,Bus/transport area,English,Synthetic initial dataset
VCGIS-0841,The pole has visible cracks near the playground 3 days. The area becomes difficult to use after dark. Residents are worried that someone could get hurt.,ELECTRICITY,Electrical Pole Damage,HIGH,3 days,Continuously,51-100,Yes,Market area,English,Synthetic initial dataset
VCGIS-1106,I want to report water has stopped coming near the community hall. The problem has been there for 7 days. Residents are having to arrange water from elsewhere. Kindly arrange a field inspection and repair.,WATER,No Water Supply,CRITICAL,7 days,Continuously,More than 100,Yes,Residential area,English,Synthetic initial dataset
VCGIS-1012,I want to report the street has no water beside the temple. The problem has been there for 2 days. The issue is disrupting normal household activities. Please take appropriate corrective action.,WATER,No Water Supply,MEDIUM,2 days,Daily,21-50,No,Village area,English,Synthetic initial dataset
VCGIS-0252,There is a road issue close to the petrol bunk: a section of the road has given way. It happens continuously and has continued for 1 day. Traffic slows down around the location.,ROAD,Road Collapse,CRITICAL,1 day,Continuously,More than 100,Yes,College area,English,Synthetic initial dataset
VCGIS-0977,Near the bus stop has an electricity problem: sparks are coming from the electrical equipment. Residents are worried that someone could get hurt. The concerned department should check this location.,ELECTRICITY,Sparking,CRITICAL,1 day,Frequently,21-50,Yes,Public road,English,Synthetic initial dataset
VCGIS-0406,"The speed breaker has a sharp broken edge behind the local market. It has been like this for 2 weeks, and riders are having to suddenly change direction. The problem gets worse when it rains. Please inspect the issue and take necessary action.",ROAD,Damaged Speed Breaker,HIGH,2 weeks,Frequently,21-50,Yes,Residential area,English,Synthetic initial dataset
VCGIS-1264,Beside the government school has a water problem: a main pipe has broken. Residents have already tried reporting the issue locally. Please inspect the issue and take necessary action.,WATER,Pipeline Burst,HIGH,1 day,Continuously,51-100,Yes,Residential area,English,Synthetic initial dataset
VCGIS-0916,Beside the public park has an electricity problem: wiring is visible near the roadside. The fault appears to be getting worse. The concerned department should check this location.,ELECTRICITY,Exposed Electrical Cable,CRITICAL,2 days,Continuously,21-50,Yes,Public road,English,Synthetic initial dataset
VCGIS-0032,Please check beside the public park. A dangerous pothole and vehicles are struggling to pass. This has been going on for 3 days. Please take appropriate corrective action.,ROAD,Pothole,LOW,3 days,Occasionally,6-20,No,Bus/transport area,English,Synthetic initial dataset
VCGIS-0517,The whole area has lost power near the college gate 1 day. Visibility is poor in the evening. The fault appears to be getting worse.,ELECTRICITY,Power Outage,MEDIUM,1 day,Occasionally,21-50,No,Village area,English,Synthetic initial dataset
VCGIS-0216,There is a road issue at the market junction: uneven asphalt. It happens daily and has continued for 2 months. Traffic slows down around the location.,ROAD,Road Damage,HIGH,2 months,Daily,51-100,Yes,Market area,English,Synthetic initial dataset
VCGIS-1181,"Water comes with very low pressure near the hospital. It has continued for 1 week, and people are worried about using the water. People are having to depend on alternative sources. Please take appropriate corrective action.",WATER,Low Water Pressure,MEDIUM,1 week,Daily,21-50,No,Public road,English,Synthetic initial dataset
VCGIS-1134,Our taps are dry near the college gate for 7 days. Several households are affected. The issue is particularly difficult for elderly residents.,WATER,No Water Supply,CRITICAL,7 days,Continuously,More than 100,Yes,Public road,English,Synthetic initial dataset
VCGIS-0676,Please check near the public library. The street is dark because the light is off and visibility is poor in the evening. The problem has existed for 2 weeks.,ELECTRICITY,Streetlight Failure,MEDIUM,2 weeks,Daily,21-50,Yes,Market area,English,Synthetic initial dataset
VCGIS-1200,I want to report only a small amount of water is coming close to the railway station. The problem has been there for 1 week. Several households are affected. Kindly arrange a field inspection and repair.,WATER,Low Water Pressure,MEDIUM,1 week,Daily,21-50,No,College area,English,Synthetic initial dataset
VCGIS-1269,Please check near the apartment entrance. Water is gushing from a broken pipeline and people are struggling with daily water needs. This has been happening for 1 day.,WATER,Pipeline Burst,HIGH,1 day,Continuously,51-100,Yes,Village area,English,Synthetic initial dataset
VCGIS-0265,Near the main junction has part of the road has collapsed. It has been happening for 1 day and riders are having to suddenly change direction. People have complained about the same spot before.,ROAD,Road Collapse,CRITICAL,1 day,Continuously,More than 100,Yes,Market area,English,Synthetic initial dataset
VCGIS-1196,Please check near the main junction. Only a small amount of water is coming and several households are affected. This has been happening for 1 week.,WATER,Low Water Pressure,MEDIUM,1 week,Daily,21-50,No,Public road,English,Synthetic initial dataset
VCGIS-0674,Please check near the bus stop. Several streetlights are off and visibility is poor in the evening. The problem has existed for 2 weeks.,ELECTRICITY,Streetlight Failure,MEDIUM,2 weeks,Daily,21-50,Yes,Residential area,English,Synthetic initial dataset
VCGIS-1310,"The local borewell is not supplying water close to the petrol bunk. It has continued for 1 week, and people are worried about using the water. Several houses have reported the same problem. Please take appropriate corrective action.",WATER,Borewell Failure,HIGH,1 week,Daily,51-100,No,Public road,English,Synthetic initial dataset
VCGIS-0469,"The manhole is raised above the road near the playground. It has been like this for 3 days, and children and older people are finding it difficult to cross. There is no warning sign around the damaged section. Please inspect the issue and take necessary action.",ROAD,Damaged Manhole,CRITICAL,3 days,Continuously,51-100,Yes,Bus/transport area,English,Synthetic initial dataset
VCGIS-1484,Near the apartment entrance has a water problem: people are reporting unsafe-looking drinking water. Several houses have reported the same problem. Kindly send a team to assess and fix the problem.,WATER,Water Contamination,CRITICAL,2 days,Continuously,51-100,Yes,College area,English,Synthetic initial dataset
VCGIS-1299,I want to report the water pipeline has burst beside the government school. The problem has been there for 1 day. The issue is disrupting normal household activities. Please resolve the problem as soon as possible.,WATER,Pipeline Burst,HIGH,1 day,Continuously,51-100,Yes,College area,English,Synthetic initial dataset
VCGIS-1219,I want to report water is leaking from the main pipe behind the local market. The problem has been there for 4 days. Residents are having to arrange water from elsewhere. Please take appropriate corrective action.,WATER,Pipeline Leakage,MEDIUM,4 days,Continuously,21-50,No,Public road,English,Synthetic initial dataset
VCGIS-1266,Please check beside the temple. Water is gushing from a broken pipeline and nearby families are affected. This has been happening for 1 day.,WATER,Pipeline Burst,HIGH,1 day,Continuously,51-100,Yes,Village area,English,Synthetic initial dataset
VCGIS-0909,An electrical wire is exposed near the hospital 2 days. Visibility is poor in the evening. The issue has been noticed by several nearby residents.,ELECTRICITY,Exposed Electrical Cable,CRITICAL,2 days,Continuously,21-50,Yes,Public road,English,Synthetic initial dataset
VCGIS-0231,I want to report a broken road stretch in our residential layout. The problem has continued for 2 months. Pedestrians are being forced to move onto the road. Please take appropriate corrective action.,ROAD,Road Damage,HIGH,2 months,Daily,51-100,Yes,College area,English,Synthetic initial dataset
VCGIS-0510,I want to report there is no electricity near the community hall. It has been happening for 1 day. Visibility is poor in the evening. Kindly arrange a field inspection and repair.,ELECTRICITY,Power Outage,MEDIUM,1 day,Occasionally,21-50,No,Market area,English,Synthetic initial dataset
VCGIS-0919,Please check in our residential layout. A cable has lost its insulation and several households are affected. The problem has existed for 2 days.,ELECTRICITY,Exposed Electrical Cable,CRITICAL,2 days,Continuously,21-50,Yes,Village area,English,Synthetic initial dataset
VCGIS-0374,Near the bus stop has pavement tiles are damaged. It has been happening for 1 month and two-wheelers are having difficulty using the stretch. People have complained about the same spot before.,ROAD,Footpath Damage,MEDIUM,1 month,Frequently,21-50,No,Public road,English,Synthetic initial dataset
VCGIS-1466,The water is unusually dirty at the market junction for 2 days. Several households are affected. Several houses have reported the same problem.,WATER,Water Contamination,CRITICAL,2 days,Continuously,51-100,Yes,College area,English,Synthetic initial dataset
VCGIS-0136,"A large pothole at the market junction. It has been like this for 1 month, and pedestrians are being forced to move onto the road. The problem gets worse when it rains. Kindly send a team to assess and fix the problem.",ROAD,Pothole,HIGH,1 month,Daily,51-100,Yes,Public road,English,Synthetic initial dataset
VCGIS-0210,There is a road issue near the community hall: cracks across the road. It happens daily and has continued for 2 months. Children and older people are finding it difficult to cross.,ROAD,Road Damage,HIGH,2 months,Daily,51-100,Yes,College area,English,Synthetic initial dataset
VCGIS-0902,I want to report a cable has lost its insulation near the college gate. It has been happening for 2 days. Several households are affected. Kindly send a team to assess and fix the problem.,ELECTRICITY,Exposed Electrical Cable,CRITICAL,2 days,Continuously,21-50,Yes,Public road,English,Synthetic initial dataset
VCGIS-0638,Beside the public park has an electricity problem: the whole area has lost power. The fault appears to be getting worse. Please take appropriate corrective action.,ELECTRICITY,Power Outage,CRITICAL,1 day,Continuously,More than 100,Yes,Residential area,English,Synthetic initial dataset
VCGIS-0901,An electrical cable is exposed on the main road 2 days. Nearby homes are being affected. The fault appears to be getting worse.,ELECTRICITY,Exposed Electrical Cable,HIGH,2 days,Continuously,21-50,Yes,Residential area,English,Synthetic initial dataset
VCGIS-0186,"Cracks across the road at the market junction. It has been like this for 2 weeks, and pedestrians are being forced to move onto the road. People have complained about the same spot before. Please resolve the problem as soon as possible.",ROAD,Road Damage,MEDIUM,2 weeks,Frequently,21-50,No,Public road,English,Synthetic initial dataset
VCGIS-1298,I want to report the supply pipe has burst close to the petrol bunk. The problem has been there for 1 day. Nearby families are affected. Please take appropriate corrective action.,WATER,Pipeline Burst,HIGH,1 day,Continuously,51-100,Yes,College area,English,Synthetic initial dataset
VCGIS-0692,I want to report the streetlight is not working close to the railway station. It has been happening for 2 weeks. Shops and residents are facing disruption. Kindly send a team to assess and fix the problem.,ELECTRICITY,Streetlight Failure,MEDIUM,2 weeks,Daily,21-50,Yes,Village area,English,Synthetic initial dataset
VCGIS-0486,I want to report an open manhole is present beside the public park. The problem has continued for 3 days. Children and older people are finding it difficult to cross. Please take appropriate corrective action.,ROAD,Damaged Manhole,CRITICAL,3 days,Continuously,51-100,Yes,Market area,English,Synthetic initial dataset
VCGIS-1263,Please check near the playground. A main pipe has broken and nearby families are affected. This has been happening for 1 day.,WATER,Pipeline Burst,HIGH,1 day,Continuously,51-100,Yes,Village area,English,Synthetic initial dataset
VCGIS-0168,There is a road issue close to the railway station: uneven asphalt. It happens frequently and has continued for 2 weeks. Vehicles are struggling to pass.,ROAD,Road Damage,HIGH,2 weeks,Frequently,21-50,No,College area,English,Synthetic initial dataset
VCGIS-0420,I want to report the speed breaker is badly damaged near the village office. The problem has continued for 2 weeks. Two-wheelers are having difficulty using the stretch. The concerned department should check this location.,ROAD,Damaged Speed Breaker,HIGH,2 weeks,Frequently,21-50,Yes,Residential area,English,Synthetic initial dataset
VCGIS-1108,Our taps are dry near the college gate for 7 days. Residents are having to arrange water from elsewhere. The issue is particularly difficult for elderly residents.,WATER,No Water Supply,CRITICAL,7 days,Continuously,More than 100,Yes,Village area,English,Synthetic initial dataset
VCGIS-1021,I want to report the street has no water near the college gate. The problem has been there for 2 days. People are worried about using the water. Please resolve the problem as soon as possible.,WATER,No Water Supply,MEDIUM,2 days,Daily,21-50,No,Residential area,English,Synthetic initial dataset
VCGIS-0350,Close to the railway station has rainwater is covering the road. It has been happening for 1 week and riders are having to suddenly change direction. It is especially difficult to notice the damage at night.,ROAD,Waterlogged Road,HIGH,1 week,Daily,51-100,Yes,Market area,English,Synthetic initial dataset
VCGIS-0794,The transformer has stopped working behind the local market 1 day. Several households are affected. The issue has been noticed by several nearby residents.,ELECTRICITY,Transformer Problem,CRITICAL,1 day,Continuously,More than 100,Yes,College area,English,Synthetic initial dataset
VCGIS-0564,"Electricity keeps going off on the main road. The issue has continued for 3 days, and visibility is poor in the evening. There is no warning sign around the affected equipment. Please take appropriate corrective action.",ELECTRICITY,Power Outage,HIGH,3 days,Daily,51-100,No,Bus/transport area,English,Synthetic initial dataset
VCGIS-0783,"The transformer has stopped working close to the railway station. The issue has continued for 1 day, and several households are affected. Residents are worried that someone could get hurt. Please inspect the issue and take necessary action.",ELECTRICITY,Transformer Problem,CRITICAL,1 day,Continuously,More than 100,Yes,Public road,English,Synthetic initial dataset
VCGIS-0331,Near the main junction has the road stays flooded after rain. It has been happening for 1 week and pedestrians are being forced to move onto the road. It is especially difficult to notice the damage at night.,ROAD,Waterlogged Road,HIGH,1 week,Daily,51-100,Yes,Public road,English,Synthetic initial dataset
VCGIS-0657,I want to report the lamp has stopped working beside the temple. It has been happening for 2 weeks. Several households are affected. Please inspect the issue and take necessary action.,ELECTRICITY,Streetlight Failure,MEDIUM,2 weeks,Daily,21-50,Yes,Bus/transport area,English,Synthetic initial dataset
VCGIS-0938,On the main road has an electricity problem: a cable has lost its insulation. Residents are worried that someone could get hurt. Please inspect the issue and take necessary action.,ELECTRICITY,Exposed Electrical Cable,CRITICAL,2 days,Continuously,21-50,Yes,College area,English,Synthetic initial dataset
VCGIS-0361,I want to report part of the footpath is missing near the public library. The problem has continued for 1 month. Riders are having to suddenly change direction. Please resolve the problem as soon as possible.,ROAD,Footpath Damage,MEDIUM,1 month,Frequently,21-50,No,Residential area,English,Synthetic initial dataset
VCGIS-0330,There is a road issue in our residential layout: water is collecting across the road. It happens daily and has continued for 1 week. Riders are having to suddenly change direction.,ROAD,Waterlogged Road,HIGH,1 week,Daily,51-100,Yes,Bus/transport area,English,Synthetic initial dataset
VCGIS-0521,The whole area has lost power near the bus stop 1 day. The area becomes difficult to use after dark. There is no warning sign around the affected equipment.,ELECTRICITY,Power Outage,MEDIUM,1 day,Occasionally,21-50,No,Village area,English,Synthetic initial dataset
VCGIS-0832,Please check close to the railway station. The electric pole is leaning and the area becomes difficult to use after dark. The problem has existed for 3 days.,ELECTRICITY,Electrical Pole Damage,HIGH,3 days,Continuously,51-100,Yes,Market area,English,Synthetic initial dataset
VCGIS-0559,Please check beside the public park. The whole area has lost power and nearby homes are being affected. The problem has existed for 3 days.,ELECTRICITY,Power Outage,HIGH,3 days,Daily,51-100,No,Residential area,English,Synthetic initial dataset
VCGIS-0020,Please check beside the temple. Deep potholes and two-wheelers are having difficulty using the stretch. This has been going on for 3 days. The concerned department should check this location.,ROAD,Pothole,LOW,3 days,Occasionally,6-20,No,Residential area,English,Synthetic initial dataset
VCGIS-0710,"The transformer is overheating close to the petrol bunk. The issue has continued for 2 days, and the area becomes difficult to use after dark. The fault appears to be getting worse. Kindly send a team to assess and fix the problem.",ELECTRICITY,Transformer Problem,HIGH,2 days,Frequently,51-100,Yes,Residential area,English,Synthetic initial dataset
VCGIS-0207,Please check near the playground. Cracks across the road and pedestrians are being forced to move onto the road. This has been going on for 2 months. Please take appropriate corrective action.,ROAD,Road Damage,HIGH,2 months,Daily,51-100,Yes,Market area,English,Synthetic initial dataset
VCGIS-1081,"Our taps are dry near the playground. It has continued for 5 days, and the issue is disrupting normal household activities. People are having to depend on alternative sources. The concerned department should check this location.",WATER,No Water Supply,HIGH,5 days,Daily,51-100,No,Village area,English,Synthetic initial dataset
VCGIS-0552,Beside the government school has an electricity problem: there is no electricity. Residents are worried that someone could get hurt. Kindly send a team to assess and fix the problem.,ELECTRICITY,Power Outage,HIGH,3 days,Daily,51-100,No,Residential area,English,Synthetic initial dataset
VCGIS-1142,Near the main junction has a water problem: the street has no water. The problem is becoming more frequent. Please resolve the problem as soon as possible.,WATER,No Water Supply,CRITICAL,7 days,Continuously,More than 100,Yes,Bus/transport area,English,Synthetic initial dataset
VCGIS-0929,Please check near the community hall. Wiring is visible near the roadside and people are worried about electrical safety. The problem has existed for 2 days.,ELECTRICITY,Exposed Electrical Cable,CRITICAL,2 days,Continuously,21-50,Yes,Village area,English,Synthetic initial dataset
VCGIS-0090,Near the apartment entrance has several potholes. It has been happening for 2 weeks and riders are having to suddenly change direction. The problem gets worse when it rains.,ROAD,Pothole,MEDIUM,2 weeks,Frequently,21-50,No,Residential area,English,Synthetic initial dataset
VCGIS-1182,I want to report only a small amount of water is coming beside the temple. The problem has been there for 1 week. Nearby families are affected. Kindly arrange a field inspection and repair.,WATER,Low Water Pressure,MEDIUM,1 week,Daily,21-50,No,Bus/transport area,English,Synthetic initial dataset
VCGIS-0818,The pole is damaged beside the temple 3 days. Shops and residents are facing disruption. Residents are worried that someone could get hurt.,ELECTRICITY,Electrical Pole Damage,CRITICAL,3 days,Continuously,51-100,Yes,College area,English,Synthetic initial dataset
VCGIS-0989,The pole is producing sparks behind the local market 1 day. Shops and residents are facing disruption. The problem is worse after sunset.,ELECTRICITY,Sparking,CRITICAL,1 day,Frequently,21-50,Yes,Village area,English,Synthetic initial dataset
VCGIS-0867,An electrical wire has come loose near the college gate 1 day. People are worried about electrical safety. The fault appears to be getting worse.,ELECTRICITY,Broken/Low-Hanging Wire,CRITICAL,1 day,Continuously,21-50,Yes,Residential area,English,Synthetic initial dataset
VCGIS-0249,Beside the temple has uneven asphalt. It has been happening for 2 months and children and older people are finding it difficult to cross. People have complained about the same spot before.,ROAD,Road Damage,HIGH,2 months,Daily,51-100,Yes,Market area,English,Synthetic initial dataset
VCGIS-0068,There is a road issue near the village office: a large pothole. It happens frequently and has continued for 2 weeks. Two-wheelers are having difficulty using the stretch.,ROAD,Pothole,HIGH,2 weeks,Frequently,21-50,No,Public road,English,Synthetic initial dataset
VCGIS-0502,"Electricity keeps going off near the public library. The issue has continued for 1 day, and the area becomes difficult to use after dark. The problem is worse after sunset. The concerned department should check this location.",ELECTRICITY,Power Outage,MEDIUM,1 day,Occasionally,21-50,No,Residential area,English,Synthetic initial dataset
VCGIS-1198,"Only a small amount of water is coming near the public library. It has continued for 1 week, and people are worried about using the water. Residents have already tried reporting the issue locally. Please inspect the issue and take necessary action.",WATER,Low Water Pressure,MEDIUM,1 week,Daily,21-50,No,Village area,English,Synthetic initial dataset
VCGIS-0326,"Water is collecting across the road beside the temple. It has been like this for 1 week, and vehicles are struggling to pass. There is no warning sign around the damaged section. Kindly arrange a field inspection and repair.",ROAD,Waterlogged Road,HIGH,1 week,Daily,51-100,Yes,Residential area,English,Synthetic initial dataset
VCGIS-0842,I want to report the pole is damaged near the bus stop. It has been happening for 3 days. Shops and residents are facing disruption. Please take appropriate corrective action.,ELECTRICITY,Electrical Pole Damage,HIGH,3 days,Continuously,51-100,Yes,College area,English,Synthetic initial dataset
VCGIS-0648,The power is out near the public library 1 day. Shops and residents are facing disruption. There is no warning sign around the affected equipment.,ELECTRICITY,Power Outage,CRITICAL,1 day,Continuously,More than 100,Yes,College area,English,Synthetic initial dataset
VCGIS-0837,"The electric pole is leaning beside the government school. The issue has continued for 3 days, and people are worried about electrical safety. The fault appears to be getting worse. Please take appropriate corrective action.",ELECTRICITY,Electrical Pole Damage,HIGH,3 days,Continuously,51-100,Yes,Bus/transport area,English,Synthetic initial dataset
VCGIS-1133,Close to the petrol bunk has a water problem: water has stopped coming. The problem is becoming more frequent. Please inspect the issue and take necessary action.,WATER,No Water Supply,CRITICAL,7 days,Continuously,More than 100,Yes,College area,English,Synthetic initial dataset
VCGIS-0687,"The lamp has stopped working beside the government school. The issue has continued for 2 weeks, and visibility is poor in the evening. Residents are worried that someone could get hurt. Please inspect the issue and take necessary action.",ELECTRICITY,Streetlight Failure,MEDIUM,2 weeks,Daily,21-50,Yes,Bus/transport area,English,Synthetic initial dataset
VCGIS-1267,Please check in our residential layout. The supply pipe has burst and residents are having to arrange water from elsewhere. This has been happening for 1 day.,WATER,Pipeline Burst,HIGH,1 day,Continuously,51-100,Yes,Bus/transport area,English,Synthetic initial dataset
VCGIS-0448,I want to report the speed breaker is broken behind the local market. The problem has continued for 2 weeks. Two-wheelers are having difficulty using the stretch. Kindly send a team to assess and fix the problem.,ROAD,Damaged Speed Breaker,HIGH,2 weeks,Frequently,21-50,Yes,Market area,English,Synthetic initial dataset
VCGIS-0768,"The transformer appears faulty beside the government school. The issue has continued for 1 day, and shops and residents are facing disruption. There is no warning sign around the affected equipment. Please inspect the issue and take necessary action.",ELECTRICITY,Transformer Problem,HIGH,1 day,Continuously,More than 100,Yes,Public road,English,Synthetic initial dataset
VCGIS-0673,"Several streetlights are off near the village office. The issue has continued for 2 weeks, and visibility is poor in the evening. The fault appears to be getting worse. Please resolve the problem as soon as possible.",ELECTRICITY,Streetlight Failure,MEDIUM,2 weeks,Daily,21-50,Yes,Residential area,English,Synthetic initial dataset
VCGIS-1250,Near the apartment entrance has a water problem: water is leaking from the main pipe. People are having to depend on alternative sources. Please resolve the problem as soon as possible.,WATER,Pipeline Leakage,MEDIUM,4 days,Continuously,21-50,No,Village area,English,Synthetic initial dataset
VCGIS-0203,Please check behind the local market. A broken road stretch and pedestrians are being forced to move onto the road. This has been going on for 2 months. Please inspect the issue and take necessary action.,ROAD,Road Damage,HIGH,2 months,Daily,51-100,Yes,Public road,English,Synthetic initial dataset
VCGIS-0227,I want to report uneven asphalt near the apartment entrance. The problem has continued for 2 months. Pedestrians are being forced to move onto the road. Please inspect the issue and take necessary action.,ROAD,Road Damage,HIGH,2 months,Daily,51-100,Yes,Public road,English,Synthetic initial dataset
VCGIS-0181,I want to report uneven asphalt beside the public park. The problem has continued for 2 weeks. Traffic slows down around the location. The concerned department should check this location.,ROAD,Road Damage,MEDIUM,2 weeks,Frequently,21-50,No,Residential area,English,Synthetic initial dataset
VCGIS-0336,Near the village office has the road is badly waterlogged. It has been happening for 1 week and traffic slows down around the location. The problem gets worse when it rains.,ROAD,Waterlogged Road,HIGH,1 week,Daily,51-100,Yes,Market area,English,Synthetic initial dataset
VCGIS-0847,"The electric pole is leaning close to the railway station. The issue has continued for 3 days, and several households are affected. There is no warning sign around the affected equipment. Please inspect the issue and take necessary action.",ELECTRICITY,Electrical Pole Damage,HIGH,3 days,Continuously,51-100,Yes,Public road,English,Synthetic initial dataset
VCGIS-0688,"The street is dark because the light is off near the community hall. The issue has continued for 2 weeks, and nearby homes are being affected. Residents are worried that someone could get hurt. Please resolve the problem as soon as possible.",ELECTRICITY,Streetlight Failure,MEDIUM,2 weeks,Daily,21-50,Yes,Bus/transport area,English,Synthetic initial dataset
VCGIS-1411,I want to report the community tank is damaged near the bus stop. The problem has been there for 2 weeks. Several households are affected. Kindly send a team to assess and fix the problem.,WATER,Water Tank Problem,MEDIUM,2 weeks,Frequently,21-50,No,Village area,English,Synthetic initial dataset
VCGIS-1486,Please check behind the local market. The water looks contaminated and people are struggling with daily water needs. This has been happening for 2 days.,WATER,Water Contamination,CRITICAL,2 days,Continuously,51-100,Yes,Bus/transport area,English,Synthetic initial dataset
VCGIS-1285,Near the hospital has a water problem: water is gushing from a broken pipeline. The problem is becoming more frequent. Kindly send a team to assess and fix the problem.,WATER,Pipeline Burst,CRITICAL,1 day,Continuously,51-100,Yes,Village area,English,Synthetic initial dataset
VCGIS-0655,"The lamp has stopped working near the main junction. The issue has continued for 2 weeks, and shops and residents are facing disruption. The problem is worse after sunset. Kindly arrange a field inspection and repair.",ELECTRICITY,Streetlight Failure,MEDIUM,2 weeks,Daily,21-50,Yes,College area,English,Synthetic initial dataset
VCGIS-1373,"The supply pump has stopped near the apartment entrance. It has continued for 3 days, and the issue is disrupting normal household activities. Several houses have reported the same problem. Kindly send a team to assess and fix the problem.",WATER,Pump Failure,HIGH,3 days,Daily,51-100,No,Village area,English,Synthetic initial dataset
VCGIS-0800,Please check near the main junction. The transformer is overheating and the area becomes difficult to use after dark. The problem has existed for 1 day.,ELECTRICITY,Transformer Problem,CRITICAL,1 day,Continuously,More than 100,Yes,Market area,English,Synthetic initial dataset
VCGIS-0662,The lamp has stopped working near the hospital 2 weeks. Several households are affected. The fault appears to be getting worse.,ELECTRICITY,Streetlight Failure,MEDIUM,2 weeks,Daily,21-50,Yes,Bus/transport area,English,Synthetic initial dataset
VCGIS-0387,Please check behind the local market. Part of the footpath is missing and vehicles are struggling to pass. This has been going on for 1 month. Kindly send a team to assess and fix the problem.,ROAD,Footpath Damage,MEDIUM,1 month,Frequently,21-50,No,College area,English,Synthetic initial dataset
VCGIS-0959,I want to report the pole is producing sparks near the apartment entrance. It has been happening for 1 day. Shops and residents are facing disruption. Please take appropriate corrective action.,ELECTRICITY,Sparking,CRITICAL,1 day,Frequently,21-50,Yes,College area,English,Synthetic initial dataset
VCGIS-0756,"The transformer has stopped working close to the petrol bunk. The issue has continued for 1 day, and several households are affected. The problem is worse after sunset. Kindly arrange a field inspection and repair.",ELECTRICITY,Transformer Problem,CRITICAL,1 day,Continuously,More than 100,Yes,Village area,English,Synthetic initial dataset
VCGIS-0235,Beside the temple has cracks across the road. It has been happening for 2 months and traffic slows down around the location. It is especially difficult to notice the damage at night.,ROAD,Road Damage,CRITICAL,2 months,Daily,51-100,Yes,Village area,English,Synthetic initial dataset
VCGIS-1049,"The street has no water close to the railway station. It has continued for 2 days, and several households are affected. The issue is particularly difficult for elderly residents. Kindly send a team to assess and fix the problem.",WATER,No Water Supply,MEDIUM,2 days,Daily,21-50,No,College area,English,Synthetic initial dataset
VCGIS-0028,There is a road issue beside the public park: several potholes. It happens occasionally and has continued for 3 days. Vehicles are struggling to pass.,ROAD,Pothole,LOW,3 days,Occasionally,6-20,No,Public road,English,Synthetic initial dataset
VCGIS-0819,Beside the temple has an electricity problem: the electric pole is leaning. Residents are worried that someone could get hurt. Kindly send a team to assess and fix the problem.,ELECTRICITY,Electrical Pole Damage,HIGH,3 days,Continuously,51-100,Yes,Market area,English,Synthetic initial dataset
VCGIS-0532,At the market junction has an electricity problem: the whole area has lost power. The fault appears to be getting worse. Kindly arrange a field inspection and repair.,ELECTRICITY,Power Outage,MEDIUM,1 day,Occasionally,21-50,No,Village area,English,Synthetic initial dataset
VCGIS-0941,Please check close to the railway station. An electrical wire is exposed and nearby homes are being affected. The problem has existed for 2 days.,ELECTRICITY,Exposed Electrical Cable,CRITICAL,2 days,Continuously,21-50,Yes,College area,English,Synthetic initial dataset
VCGIS-0152,Please check near the village office. A badly damaged road surface and vehicles are struggling to pass. This has been going on for 2 weeks. Please inspect the issue and take necessary action.,ROAD,Road Damage,MEDIUM,2 weeks,Frequently,21-50,No,Bus/transport area,English,Synthetic initial dataset
VCGIS-1430,"The local tank is not supplying water near the public library. It has continued for 2 weeks, and several households are affected. Residents have already tried reporting the issue locally. Kindly arrange a field inspection and repair.",WATER,Water Tank Problem,MEDIUM,2 weeks,Frequently,21-50,No,Market area,English,Synthetic initial dataset
VCGIS-0585,"The power is out near the hospital. The issue has continued for 3 days, and people are worried about electrical safety. The problem is worse after sunset. Kindly arrange a field inspection and repair.",ELECTRICITY,Power Outage,CRITICAL,3 days,Daily,51-100,No,College area,English,Synthetic initial dataset
VCGIS-1148,Please check beside the government school. There is no water supply and people are struggling with daily water needs. This has been happening for 7 days.,WATER,No Water Supply,CRITICAL,7 days,Continuously,More than 100,Yes,Residential area,English,Synthetic initial dataset
VCGIS-0951,I want to report the pole is producing sparks near the playground. It has been happening for 1 day. Shops and residents are facing disruption. The concerned department should check this location.,ELECTRICITY,Sparking,HIGH,1 day,Frequently,21-50,Yes,College area,English,Synthetic initial dataset
VCGIS-1462,The tap water has a bad smell close to the railway station for 2 days. Residents are having to arrange water from elsewhere. The problem is becoming more frequent.,WATER,Water Contamination,CRITICAL,2 days,Continuously,51-100,Yes,Bus/transport area,English,Synthetic initial dataset
